{
  "dataset": "BlogCatalog",
  "source": "data/BlogCatalog/processed/data.pt",
  "evaluation_axis": "prepared_split",
  "unit_count": 5,
  "num_nodes": 5196,
  "num_edges_directed": 343486,
  "num_classes": 6,
  "num_features": 8189,
  "graph_builder": {
    "projection_dim": 128,
    "graph_projection_dim": 64,
    "baseline_top_k": 50,
    "baseline_alpha": 0.2,
    "improved_top_k": 15,
    "improved_min_similarity": 0.2,
    "block_size": 512
  },
  "graph_stats": {
    "structure_edges_undirected": 171743,
    "baseline_predicted_edges": 180198,
    "baseline_final_edges": 348123,
    "improved_predicted_edges": 21840,
    "improved_final_edges": 193061
  },
  "results": {
    "baseline": {
      "name": "projected_threshold_method2_baseline",
      "config": {
        "dataset": "BlogCatalog",
        "graph_projection_dim": 64,
        "baseline_top_k": 50,
        "baseline_alpha": 0.2,
        "evaluation_axis": "prepared_split"
      },
      "runs": [
        {
          "penalty": 0.0,
          "val_micro_f1": 0.7767083644866943,
          "val_macro_f1": 0.7619878173673094,
          "test_micro_f1": 0.743984580039978,
          "test_macro_f1": 0.7280655166511364,
          "selection_score": 0.7693480909270018,
          "link_auc": 0.6739829579989115,
          "link_ap": 0.6778572797775269,
          "unit": "split_0",
          "seed": 3000.0,
          "embedding_time_seconds": 2.427892925006745,
          "classifier_time_seconds": 20.719864320999477,
          "per_seed_eval_time_seconds": 23.147757246006222,
          "pipeline_time_seconds": 23.147757246006222
        },
        {
          "penalty": 0.0,
          "val_micro_f1": 0.752646803855896,
          "val_macro_f1": 0.7393012275650608,
          "test_micro_f1": 0.744947075843811,
          "test_macro_f1": 0.7299864445918991,
          "selection_score": 0.7459740157104784,
          "link_auc": 0.6773934563000997,
          "link_ap": 0.6757684946060181,
          "unit": "split_1",
          "seed": 3001.0,
          "embedding_time_seconds": 2.3845462770041195,
          "classifier_time_seconds": 22.22819976900064,
          "per_seed_eval_time_seconds": 24.61274604600476,
          "pipeline_time_seconds": 24.61274604600476
        },
        {
          "penalty": 0.0,
          "val_micro_f1": 0.7564966082572937,
          "val_macro_f1": 0.741318087959383,
          "test_micro_f1": 0.7641963362693787,
          "test_macro_f1": 0.7510253870425982,
          "selection_score": 0.7489073481083384,
          "link_auc": 0.6355589429537455,
          "link_ap": 0.6492117245992025,
          "unit": "split_2",
          "seed": 3002.0,
          "embedding_time_seconds": 2.577811086004658,
          "classifier_time_seconds": 21.17920454999694,
          "per_seed_eval_time_seconds": 23.757015636001597,
          "pipeline_time_seconds": 23.757015636001597
        },
        {
          "penalty": 0.0,
          "val_micro_f1": 0.7824831604957581,
          "val_macro_f1": 0.770901680185016,
          "test_micro_f1": 0.7382098436355591,
          "test_macro_f1": 0.7245056467955635,
          "selection_score": 0.7766924203403871,
          "link_auc": 0.6618668437004089,
          "link_ap": 0.6672073403994242,
          "unit": "split_3",
          "seed": 3003.0,
          "embedding_time_seconds": 2.909047462999297,
          "classifier_time_seconds": 22.549262740001723,
          "per_seed_eval_time_seconds": 25.45831020300102,
          "pipeline_time_seconds": 25.45831020300102
        },
        {
          "penalty": 0.0,
          "val_micro_f1": 0.7632339000701904,
          "val_macro_f1": 0.7478783645859295,
          "test_micro_f1": 0.7574591040611267,
          "test_macro_f1": 0.7436314628127719,
          "selection_score": 0.75555613232806,
          "link_auc": 0.6679349144299825,
          "link_ap": 0.6659689744313558,
          "unit": "split_4",
          "seed": 3004.0,
          "embedding_time_seconds": 2.7640614600022673,
          "classifier_time_seconds": 35.44584173299518,
          "per_seed_eval_time_seconds": 38.209903192997444,
          "pipeline_time_seconds": 38.209903192997444
        }
      ],
      "val_micro_f1_mean": 0.7663137674331665,
      "val_micro_f1_std": 0.011507780069137408,
      "val_macro_f1_mean": 0.7522774355325398,
      "val_macro_f1_std": 0.012239241004981857,
      "test_micro_f1_mean": 0.7497593879699707,
      "test_micro_f1_std": 0.009566711378991366,
      "test_macro_f1_mean": 0.7354428915787938,
      "test_macro_f1_std": 0.010135962329505165,
      "selection_score_mean": 0.7592956014828531,
      "selection_score_std": 0.011858043140502358,
      "link_auc_mean": 0.6633474230766296,
      "link_auc_std": 0.014871734748469716,
      "link_ap_mean": 0.6672027627627055,
      "link_ap_std": 0.010120179876194001,
      "embedding_time_seconds_mean": 2.6126718422034174,
      "embedding_time_seconds_std": 0.19907642705255083,
      "pipeline_time_seconds_mean": 27.03714646480221,
      "pipeline_time_seconds_std": 5.640701037796812,
      "setup_time_seconds": 2.322049666996463,
      "classifier_time_seconds_mean": 24.42447462259879,
      "classifier_time_seconds_std": 5.550972728272929,
      "per_seed_eval_time_seconds_mean": 27.03714646480221,
      "per_seed_eval_time_seconds_std": 5.640701037796812
    },
    "improved": {
      "name": "projected_mutual_topk_improved",
      "config": {
        "dataset": "BlogCatalog",
        "graph_projection_dim": 64,
        "graph_top_k": 15,
        "graph_mutual": true,
        "graph_min_similarity": 0.2,
        "graph_overlap_scale": 1.0,
        "graph_new_scale": 0.75,
        "attention_gamma": 0.5,
        "attention_temperature": 1.0,
        "feature_dim": 128,
        "evaluation_axis": "prepared_split"
      },
      "runs": [
        {
          "penalty": 0.0001,
          "val_micro_f1": 0.9297401309013367,
          "val_macro_f1": 0.9288294371211957,
          "test_micro_f1": 0.9027911424636841,
          "test_macro_f1": 0.900947479756096,
          "selection_score": 0.9292847840112661,
          "link_auc": 0.6979778210322062,
          "link_ap": 0.694019079208374,
          "unit": "split_0",
          "seed": 3000.0,
          "embedding_time_seconds": 2.608352092000132,
          "classifier_time_seconds": 19.298495738999918,
          "per_seed_eval_time_seconds": 21.90684783100005,
          "pipeline_time_seconds": 21.90684783100005
        },
        {
          "penalty": 0.0001,
          "val_micro_f1": 0.9047160744667053,
          "val_macro_f1": 0.9034387784581729,
          "test_micro_f1": 0.9162656664848328,
          "test_macro_f1": 0.9147200045145474,
          "selection_score": 0.9040774264624392,
          "link_auc": 0.6945332288742065,
          "link_ap": 0.6929435332616171,
          "unit": "split_1",
          "seed": 3001.0,
          "embedding_time_seconds": 3.2466992709960323,
          "classifier_time_seconds": 20.39383867000288,
          "per_seed_eval_time_seconds": 23.64053794099891,
          "pipeline_time_seconds": 23.64053794099891
        },
        {
          "penalty": 0.0001,
          "val_micro_f1": 0.9210779666900635,
          "val_macro_f1": 0.9196078801323629,
          "test_micro_f1": 0.9201154708862305,
          "test_macro_f1": 0.9193605545351234,
          "selection_score": 0.9203429234112133,
          "link_auc": 0.7024600903193156,
          "link_ap": 0.6956475377082825,
          "unit": "split_2",
          "seed": 3002.0,
          "embedding_time_seconds": 2.893155908997869,
          "classifier_time_seconds": 21.64265461100149,
          "per_seed_eval_time_seconds": 24.53581051999936,
          "pipeline_time_seconds": 24.53581051999936
        },
        {
          "penalty": 0.0001,
          "val_micro_f1": 0.924927830696106,
          "val_macro_f1": 0.9234057323801852,
          "test_micro_f1": 0.9143407344818115,