{
  "dataset": "BlogCatalog",
  "source": "data/BlogCatalog/processed/data.pt",
  "evaluation_axis": "prepared_split",
  "unit_count": 5,
  "num_nodes": 5196,
  "num_edges_directed": 343486,
  "num_classes": 6,
  "num_features": 8189,
  "graph_builder": {
    "projection_dim": 128,
    "graph_projection_dim": 64,
    "baseline_top_k": 50,
    "baseline_alpha": 0.2,
    "improved_top_k": 15,
    "improved_min_similarity": 0.2,
    "block_size": 512
  },
  "graph_stats": {
    "structure_edges_undirected": 171743,
    "baseline_predicted_edges": 180198,
    "baseline_final_edges": 348123,
    "improved_predicted_edges": 21840,
    "improved_final_edges": 193061
  },
  "results": {
    "baseline": {
      "name": "projected_threshold_method2_baseline",
      "config": {
        "dataset": "BlogCatalog",
        "graph_projection_dim": 64,
        "baseline_top_k": 50,
        "baseline_alpha": 0.2,
        "evaluation_axis": "prepared_split"
      },
      "runs": [
        {
          "penalty": 0.0,
          "val_micro_f1": 0.7767083644866943,
          "val_macro_f1": 0.7619878173673094,
          "test_micro_f1": 0.743984580039978,
          "test_macro_f1": 0.7280655166511364,
          "selection_score": 0.7693480909270018,
          "unit": "split_0",
          "seed": 3000.0,
          "embedding_time_seconds": 1.5529827809996277,
          "classifier_time_seconds": 3.4230245830003696,
          "per_seed_eval_time_seconds": 4.976007363999997,
          "pipeline_time_seconds": 4.976007363999997
        },
        {
          "penalty": 0.0,
          "val_micro_f1": 0.751684308052063,
          "val_macro_f1": 0.7379258533684703,
          "test_micro_f1": 0.7487969398498535,
          "test_macro_f1": 0.7341111741382355,
          "selection_score": 0.7448050807102666,
          "unit": "split_1",
          "seed": 3001.0,
          "embedding_time_seconds": 1.59067557499975,
          "classifier_time_seconds": 8.620416355000089,
          "per_seed_eval_time_seconds": 10.211091929999839,
          "pipeline_time_seconds": 10.211091929999839
        },
        {
          "penalty": 0.0,
          "val_micro_f1": 0.7564966082572937,
          "val_macro_f1": 0.741318087959383,
          "test_micro_f1": 0.7641963362693787,
          "test_macro_f1": 0.7510253870425982,
          "selection_score": 0.7489073481083384,
          "unit": "split_2",
          "seed": 3002.0,
          "embedding_time_seconds": 1.5831553170000916,
          "classifier_time_seconds": 8.073511939000127,
          "per_seed_eval_time_seconds": 9.656667256000219,
          "pipeline_time_seconds": 9.656667256000219
        },
        {
          "penalty": 0.0,
          "val_micro_f1": 0.7863330245018005,
          "val_macro_f1": 0.774049653578963,
          "test_micro_f1": 0.743984580039978,
          "test_macro_f1": 0.7289507495105764,
          "selection_score": 0.7801913390403818,
          "unit": "split_3",
          "seed": 3003.0,
          "embedding_time_seconds": 1.5957833190000201,
          "classifier_time_seconds": 2.7476082960001804,
          "per_seed_eval_time_seconds": 4.3433916150002005,
          "pipeline_time_seconds": 4.3433916150002005
        },
        {
          "penalty": 0.0,
          "val_micro_f1": 0.7632339000701904,
          "val_macro_f1": 0.7478783645859295,
          "test_micro_f1": 0.7574591040611267,
          "test_macro_f1": 0.7436314628127719,
          "selection_score": 0.75555613232806,
          "unit": "split_4",
          "seed": 3004.0,
          "embedding_time_seconds": 1.5705561940003463,
          "classifier_time_seconds": 2.83940473299981,
          "per_seed_eval_time_seconds": 4.4099609270001565,
          "pipeline_time_seconds": 4.4099609270001565
        }
      ],
      "val_micro_f1_mean": 0.7668912410736084,
      "val_micro_f1_std": 0.012861059066029855,
      "val_macro_f1_mean": 0.7526319553720111,
      "val_macro_f1_std": 0.013513841848192052,
      "test_micro_f1_mean": 0.751684308052063,
      "test_micro_f1_std": 0.007959995441110552,
      "test_macro_f1_mean": 0.7371568580310637,
      "test_macro_f1_std": 0.008871589480296316,
      "selection_score_mean": 0.7597615982228098,
      "selection_score_std": 0.013179326669318994,
      "embedding_time_seconds_mean": 1.5786306371999672,
      "embedding_time_seconds_std": 0.015380357001613169,
      "pipeline_time_seconds_mean": 6.719423818400083,
      "pipeline_time_seconds_std": 2.639613381732531,
      "setup_time_seconds": 1.3019778959996984,
      "classifier_time_seconds_mean": 5.140793181200115,
      "classifier_time_seconds_std": 2.6337451807347727,
      "per_seed_eval_time_seconds_mean": 6.719423818400083,
      "per_seed_eval_time_seconds_std": 2.639613381732531
    },
    "improved": {
      "name": "projected_mutual_topk_improved",
      "config": {
        "dataset": "BlogCatalog",
        "graph_projection_dim": 64,
        "graph_top_k": 15,
        "graph_mutual": true,
        "graph_min_similarity": 0.2,
        "graph_overlap_scale": 1.0,
        "graph_new_scale": 0.75,
        "attention_gamma": 0.5,
        "attention_temperature": 1.0,
        "feature_dim": 128,
        "evaluation_axis": "prepared_split"
      },
      "runs": [
        {
          "penalty": 0.0001,
          "val_micro_f1": 0.9307026267051697,
          "val_macro_f1": 0.9297967607781805,
          "test_micro_f1": 0.9027911424636841,
          "test_macro_f1": 0.900931703930215,
          "selection_score": 0.9302496937416751,
          "unit": "split_0",
          "seed": 3000.0,
          "embedding_time_seconds": 1.4239779120002822,
          "classifier_time_seconds": 1.187018179000006,
          "per_seed_eval_time_seconds": 2.6109960910002883,
          "pipeline_time_seconds": 2.6109960910002883
        },
        {
          "penalty": 0.0001,
          "val_micro_f1": 0.9037536382675171,
          "val_macro_f1": 0.9023579793961432,
          "test_micro_f1": 0.9191530346870422,
          "test_macro_f1": 0.9175715455110186,
          "selection_score": 0.9030558088318301,
          "unit": "split_1",
          "seed": 3001.0,
          "embedding_time_seconds": 1.424252181999691,
          "classifier_time_seconds": 2.8164561670000694,
          "per_seed_eval_time_seconds": 4.24070834899976,
          "pipeline_time_seconds": 4.24070834899976
        },
        {
          "penalty": 0.0001,
          "val_micro_f1": 0.9220404028892517,
          "val_macro_f1": 0.920562645152253,
          "test_micro_f1": 0.9220404028892517,
          "test_macro_f1": 0.9213131484469531,
          "selection_score": 0.9213015240207523,
          "unit": "split_2",
          "seed": 3002.0,
          "embedding_time_seconds": 2.333491910000248,
          "classifier_time_seconds": 5.5443709569999555,
          "per_seed_eval_time_seconds": 7.8778628670002036,
          "pipeline_time_seconds": 7.8778628670002036
        },
        {
          "penalty": 0.0001,
          "val_micro_f1": 0.9258902668952942,
          "val_macro_f1": 0.9244508465917631,
          "test_micro_f1": 0.9143407344818115,
          "test_macro_f1": 0.9120822740096748,
          "selection_score": 0.9251705567435287,
          "unit": "split_3",
          "seed": 3003.0,
          "embedding_time_seconds": 1.4469740570002614,
          "classifier_time_seconds": 2.1992059320000408,
          "per_seed_eval_time_seconds": 3.646179989000302,
          "pipeline_time_seconds": 3.646179989000302
        },
        {
          "penalty": 0.0001,
          "val_micro_f1": 0.9181905388832092,
          "val_macro_f1": 0.9167548555001371,
          "test_micro_f1": 0.9133782386779785,
          "test_macro_f1": 0.9115463504599203,
          "selection_score": 0.9174726971916731,
          "unit": "split_4",
          "seed": 3004.0,
          "embedding_time_seconds": 1.423126979999779,
          "classifier_time_seconds": 1.2610987050002223,