{
  "dataset": "BlogCatalog",
  "source": "data/BlogCatalog/processed/data.pt",
  "evaluation_axis": "prepared_split",
  "unit_count": 5,
  "num_nodes": 5196,
  "num_edges_directed": 343486,
  "num_classes": 6,
  "num_features": 8189,
  "graph_builder": {
    "projection_dim": 128,
    "graph_projection_dim": 64,
    "baseline_top_k": 50,
    "baseline_alpha": 0.2,
    "improved_top_k": 15,
    "improved_min_similarity": 0.1,
    "block_size": 512
  },
  "graph_stats": {
    "structure_edges_undirected": 171743,
    "baseline_predicted_edges": 180024,
    "baseline_final_edges": 347925,
    "improved_predicted_edges": 21949,
    "improved_final_edges": 193151
  },
  "results": {
    "baseline": {
      "name": "projected_threshold_method2_baseline",
      "config": {
        "dataset": "BlogCatalog",
        "graph_projection_dim": 64,
        "baseline_top_k": 50,
        "baseline_alpha": 0.2,
        "evaluation_axis": "prepared_split"
      },
      "runs": [
        {
          "penalty": 0.0,
          "val_micro_f1": 0.7757459282875061,
          "val_macro_f1": 0.7691531558538666,
          "test_micro_f1": 0.7343599796295166,
          "test_macro_f1": 0.7240028935662761,
          "selection_score": 0.7724495420706863,
          "link_auc": 0.6564487516880035,
          "link_ap": 0.8004082441329956,
          "unit": "split_0",
          "seed": 3000.0,
          "embedding_time_seconds": 3.612368199001139,
          "classifier_time_seconds": 41.452009119999275,
          "per_seed_eval_time_seconds": 45.064377319000414,
          "pipeline_time_seconds": 45.064377319000414
        },
        {
          "penalty": 0.0,
          "val_micro_f1": 0.7478344440460205,
          "val_macro_f1": 0.7363081698867516,
          "test_micro_f1": 0.752646803855896,
          "test_macro_f1": 0.7362333239665909,
          "selection_score": 0.742071306966386,
          "link_auc": 0.6330987811088562,
          "link_ap": 0.7921296656131744,
          "unit": "split_1",
          "seed": 3001.0,
          "embedding_time_seconds": 4.365769096999429,
          "classifier_time_seconds": 43.92434347600101,
          "per_seed_eval_time_seconds": 48.29011257300044,
          "pipeline_time_seconds": 48.29011257300044
        },
        {
          "penalty": 1e-05,
          "val_micro_f1": 0.7487969398498535,
          "val_macro_f1": 0.7326682410753508,
          "test_micro_f1": 0.7603464722633362,
          "test_macro_f1": 0.74712241615611,
          "selection_score": 0.7407325904626021,
          "link_auc": 0.6591377258300781,
          "link_ap": 0.8013222515583038,
          "unit": "split_2",
          "seed": 3002.0,
          "embedding_time_seconds": 4.668948926000667,
          "classifier_time_seconds": 37.99612238000009,
          "per_seed_eval_time_seconds": 42.665071306000755,
          "pipeline_time_seconds": 42.665071306000755
        },
        {
          "penalty": 0.0,
          "val_micro_f1": 0.7757459282875061,
          "val_macro_f1": 0.7618282327219764,
          "test_micro_f1": 0.7218479514122009,
          "test_macro_f1": 0.7065108219705575,
          "selection_score": 0.7687870805047412,
          "link_auc": 0.6585172414779663,
          "link_ap": 0.8003415465354919,
          "unit": "split_3",
          "seed": 3003.0,
          "embedding_time_seconds": 3.5585997789985413,
          "classifier_time_seconds": 46.242875175001245,
          "per_seed_eval_time_seconds": 49.80147495399979,
          "pipeline_time_seconds": 49.80147495399979
        },
        {
          "penalty": 0.0,
          "val_micro_f1": 0.7584215402603149,
          "val_macro_f1": 0.7439088090879683,
          "test_micro_f1": 0.7555341720581055,
          "test_macro_f1": 0.741177616712024,
          "selection_score": 0.7511651746741417,
          "link_auc": 0.64694744348526,
          "link_ap": 0.7959590554237366,
          "unit": "split_4",
          "seed": 3004.0,
          "embedding_time_seconds": 3.920058820000122,
          "classifier_time_seconds": 43.41490200500084,
          "per_seed_eval_time_seconds": 47.33496082500096,
          "pipeline_time_seconds": 47.33496082500096
        }
      ],
      "val_micro_f1_mean": 0.7613089561462403,
      "val_micro_f1_std": 0.013813965106493518,
      "val_macro_f1_mean": 0.7487733217251827,
      "val_macro_f1_std": 0.01600144881360141,
      "test_micro_f1_mean": 0.744947075843811,
      "test_micro_f1_std": 0.01623399198868097,
      "test_macro_f1_mean": 0.7310094144743117,
      "test_macro_f1_std": 0.016121280658092256,
      "selection_score_mean": 0.7550411389357115,
      "selection_score_std": 0.014832208272925885,
      "link_auc_mean": 0.6508299887180329,
      "link_auc_std": 0.011058398719920119,
      "link_ap_mean": 0.7980321526527405,
      "link_ap_std": 0.003903234140100002,
      "embedding_time_seconds_mean": 4.02514896419998,
      "embedding_time_seconds_std": 0.4820789630395351,
      "pipeline_time_seconds_mean": 46.63119939540047,
      "pipeline_time_seconds_std": 2.805486750934693,
      "setup_time_seconds": 4.081273638998027,
      "classifier_time_seconds_mean": 42.606050431200494,
      "classifier_time_seconds_std": 3.0903834560913928,
      "per_seed_eval_time_seconds_mean": 46.63119939540047,
      "per_seed_eval_time_seconds_std": 2.805486750934693
    },
    "improved": {
      "name": "projected_mutual_topk_improved",
      "config": {
        "dataset": "BlogCatalog",
        "graph_projection_dim": 64,
        "graph_top_k": 15,
        "graph_mutual": true,
        "graph_min_similarity": 0.1,
        "graph_overlap_scale": 1.0,
        "graph_new_scale": 0.75,
        "attention_gamma": 0.5,
        "attention_temperature": 1.0,
        "feature_dim": 128,
        "evaluation_axis": "prepared_split"
      },
      "runs": [
        {
          "penalty": 0.0001,
          "val_micro_f1": 0.9345524311065674,
          "val_macro_f1": 0.9334536034498006,
          "test_micro_f1": 0.9085659384727478,
          "test_macro_f1": 0.9071721754592653,
          "selection_score": 0.9340030172781839,
          "link_auc": 0.7010761201381683,
          "link_ap": 0.8157544732093811,
          "unit": "split_0",
          "seed": 3000.0,
          "embedding_time_seconds": 16.682988791999378,
          "classifier_time_seconds": 45.60178338900005,
          "per_seed_eval_time_seconds": 62.284772180999425,
          "pipeline_time_seconds": 62.284772180999425
        },
        {
          "penalty": 0.0001,
          "val_micro_f1": 0.8950914144515991,
          "val_macro_f1": 0.8934713214202749,
          "test_micro_f1": 0.9133782386779785,
          "test_macro_f1": 0.9119843963888078,
          "selection_score": 0.8942813679359369,
          "link_auc": 0.7007730007171631,
          "link_ap": 0.8160280585289001,
          "unit": "split_1",
          "seed": 3001.0,
          "embedding_time_seconds": 14.696616791999986,
          "classifier_time_seconds": 44.88217558600081,
          "per_seed_eval_time_seconds": 59.5787923780008,
          "pipeline_time_seconds": 59.5787923780008
        },
        {
          "penalty": 0.0001,
          "val_micro_f1": 0.9201154708862305,
          "val_macro_f1": 0.9189629254288866,
          "test_micro_f1": 0.9201154708862305,
          "test_macro_f1": 0.9195710382517078,
          "selection_score": 0.9195391981575585,
          "link_auc": 0.7020496428012848,
          "link_ap": 0.8163154721260071,
          "unit": "split_2",
          "seed": 3002.0,
          "embedding_time_seconds": 14.030561747998945,
          "classifier_time_seconds": 42.25155577199985,
          "per_seed_eval_time_seconds": 56.28211751999879,
          "pipeline_time_seconds": 56.28211751999879
        },
        {
          "penalty": 0.0001,
          "val_micro_f1": 0.9307026267051697,
          "val_macro_f1": 0.9299828852132,
          "test_micro_f1": 0.910490870475769,