{
  "dataset": "PubMed",
  "source": "data/Planetoid/PubMed/processed/data.pt",
  "evaluation_axis": "classifier_seed",
  "unit_count": 5,
  "num_nodes": 19717,
  "num_edges_directed": 88648,
  "num_classes": 3,
  "num_features": 500,
  "graph_builder": {
    "projection_dim": 128,
    "graph_projection_dim": 64,
    "baseline_top_k": 50,
    "baseline_alpha": 0.2,
    "improved_top_k": 15,
    "improved_min_similarity": 0.2,
    "block_size": 512
  },
  "graph_stats": {
    "structure_edges_undirected": 44324,
    "baseline_predicted_edges": 723332,
    "baseline_final_edges": 759991,
    "improved_predicted_edges": 67286,
    "improved_final_edges": 109912
  },
  "results": {
    "baseline": {
      "name": "projected_threshold_method2_baseline",
      "config": {
        "dataset": "PubMed",
        "graph_projection_dim": 64,
        "baseline_top_k": 50,
        "baseline_alpha": 0.2,
        "evaluation_axis": "classifier_seed"
      },
      "runs": [
        {
          "penalty": 0.001,
          "val_micro_f1": 0.5820000171661377,
          "val_macro_f1": 0.5943109375498029,
          "test_micro_f1": 0.5899999737739563,
          "test_macro_f1": 0.5926328089614654,
          "selection_score": 0.5881554773579702,
          "unit": "seed_1548",
          "seed": 1548.0,
          "embedding_time_seconds": 4.936476113000026,
          "classifier_time_seconds": 1.510126298999694,
          "per_seed_eval_time_seconds": 6.44660241199972,
          "pipeline_time_seconds": 6.44660241199972
        },
        {
          "penalty": 0.01,
          "val_micro_f1": 0.5820000171661377,
          "val_macro_f1": 0.5861582912329636,
          "test_micro_f1": 0.5630000233650208,
          "test_macro_f1": 0.5645077798098684,
          "selection_score": 0.5840791541995507,
          "unit": "seed_1549",
          "seed": 1549.0,
          "embedding_time_seconds": 5.014185738999913,
          "classifier_time_seconds": 5.023136608000186,
          "per_seed_eval_time_seconds": 10.0373223470001,
          "pipeline_time_seconds": 10.0373223470001
        },
        {
          "penalty": 0.001,
          "val_micro_f1": 0.6060000061988831,
          "val_macro_f1": 0.6127483278426674,
          "test_micro_f1": 0.5640000104904175,
          "test_macro_f1": 0.568093904292789,
          "selection_score": 0.6093741670207753,
          "unit": "seed_1550",
          "seed": 1550.0,
          "embedding_time_seconds": 5.081136808999872,
          "classifier_time_seconds": 5.525347975999921,
          "per_seed_eval_time_seconds": 10.606484784999793,
          "pipeline_time_seconds": 10.606484784999793
        },
        {
          "penalty": 0.0,
          "val_micro_f1": 0.6119999885559082,
          "val_macro_f1": 0.6141611083294289,
          "test_micro_f1": 0.5929999947547913,
          "test_macro_f1": 0.5906832181402145,
          "selection_score": 0.6130805484426686,
          "unit": "seed_1551",
          "seed": 1551.0,
          "embedding_time_seconds": 4.998912173999997,
          "classifier_time_seconds": 3.8512440049998986,
          "per_seed_eval_time_seconds": 8.850156178999896,
          "pipeline_time_seconds": 8.850156178999896
        },
        {
          "penalty": 0.01,
          "val_micro_f1": 0.6140000224113464,
          "val_macro_f1": 0.6165326535668824,
          "test_micro_f1": 0.6050000190734863,
          "test_macro_f1": 0.6005918690202465,
          "selection_score": 0.6152663379891143,
          "unit": "seed_1552",
          "seed": 1552.0,
          "embedding_time_seconds": 5.076672822000091,
          "classifier_time_seconds": 1.6568504609999763,
          "per_seed_eval_time_seconds": 6.733523283000068,
          "pipeline_time_seconds": 6.733523283000068
        }
      ],
      "val_micro_f1_mean": 0.5992000102996826,
      "val_micro_f1_std": 0.014288451796344985,
      "val_macro_f1_mean": 0.604782263704349,
      "val_macro_f1_std": 0.012214692696327018,
      "test_micro_f1_mean": 0.5830000042915344,
      "test_micro_f1_std": 0.016697299386005872,
      "test_macro_f1_mean": 0.5833019160449168,
      "test_macro_f1_std": 0.014317784992139464,
      "selection_score_mean": 0.6019911370020158,
      "selection_score_std": 0.013160393195550981,
      "embedding_time_seconds_mean": 5.02147673139998,
      "embedding_time_seconds_std": 0.053653250089757666,
      "pipeline_time_seconds_mean": 8.534817801199916,
      "pipeline_time_seconds_std": 1.6884352369824298,
      "setup_time_seconds": 2.5177674130000014,
      "classifier_time_seconds_mean": 3.513341069799935,
      "classifier_time_seconds_std": 1.6674087411248197,
      "per_seed_eval_time_seconds_mean": 8.534817801199916,
      "per_seed_eval_time_seconds_std": 1.6884352369824298
    },
    "improved": {
      "name": "projected_mutual_topk_improved",
      "config": {
        "dataset": "PubMed",
        "graph_projection_dim": 64,
        "graph_top_k": 15,
        "graph_mutual": true,
        "graph_min_similarity": 0.2,
        "graph_overlap_scale": 1.0,
        "graph_new_scale": 0.75,
        "attention_gamma": 0.5,
        "attention_temperature": 1.0,
        "feature_dim": 128,
        "evaluation_axis": "classifier_seed"
      },
      "runs": [
        {
          "penalty": 0.001,
          "val_micro_f1": 0.7459999918937683,
          "val_macro_f1": 0.7537060436054608,
          "test_micro_f1": 0.7239999771118164,
          "test_macro_f1": 0.7253445216898607,
          "selection_score": 0.7498530177496145,
          "unit": "seed_1548",
          "seed": 1548.0,
          "embedding_time_seconds": 4.131807131000187,
          "classifier_time_seconds": 0.3601676159996714,
          "per_seed_eval_time_seconds": 4.491974746999858,
          "pipeline_time_seconds": 4.491974746999858
        },
        {
          "penalty": 1e-05,
          "val_micro_f1": 0.7360000014305115,
          "val_macro_f1": 0.7458316476270991,
          "test_micro_f1": 0.7279999852180481,
          "test_macro_f1": 0.7298719338196711,
          "selection_score": 0.7409158245288052,
          "unit": "seed_1549",
          "seed": 1549.0,
          "embedding_time_seconds": 7.4068013119999705,
          "classifier_time_seconds": 0.9586047970001346,
          "per_seed_eval_time_seconds": 8.365406109000105,
          "pipeline_time_seconds": 8.365406109000105
        },
        {
          "penalty": 0.0001,
          "val_micro_f1": 0.7419999837875366,
          "val_macro_f1": 0.7511843990265716,
          "test_micro_f1": 0.7250000238418579,
          "test_macro_f1": 0.7257665749760389,
          "selection_score": 0.7465921914070541,
          "unit": "seed_1550",
          "seed": 1550.0,
          "embedding_time_seconds": 7.453777502999856,
          "classifier_time_seconds": 1.1323268760002065,
          "per_seed_eval_time_seconds": 8.586104379000062,
          "pipeline_time_seconds": 8.586104379000062
        },
        {
          "penalty": 0.001,
          "val_micro_f1": 0.7440000176429749,
          "val_macro_f1": 0.7539564977329597,
          "test_micro_f1": 0.7269999980926514,
          "test_macro_f1": 0.7279012758861625,
          "selection_score": 0.7489782576879673,
          "unit": "seed_1551",
          "seed": 1551.0,
          "embedding_time_seconds": 4.065381415000047,
          "classifier_time_seconds": 0.33537563399977444,
          "per_seed_eval_time_seconds": 4.400757048999822,
          "pipeline_time_seconds": 4.400757048999822
        },
        {
          "penalty": 0.001,
          "val_micro_f1": 0.7300000190734863,
          "val_macro_f1": 0.7400038934554974,
          "test_micro_f1": 0.718999981880188,
          "test_macro_f1": 0.720752639602507,
          "selection_score": 0.7350019562644918,
          "unit": "seed_1552",
          "seed": 1552.0,
          "embedding_time_seconds": 7.423985290000019,
          "classifier_time_seconds": 1.0684857060000468,