{
  "dataset": "PubMed",
  "source": "data/Planetoid/PubMed/processed/data.pt",
  "evaluation_axis": "classifier_seed",
  "unit_count": 5,
  "num_nodes": 19717,
  "num_edges_directed": 88648,
  "num_classes": 3,
  "num_features": 500,
  "graph_builder": {
    "projection_dim": 128,
    "graph_projection_dim": 64,
    "baseline_top_k": 50,
    "baseline_alpha": 0.2,
    "improved_top_k": 15,
    "improved_min_similarity": 0.2,
    "block_size": 512
  },
  "graph_stats": {
    "structure_edges_undirected": 44324,
    "baseline_predicted_edges": 722641,
    "baseline_final_edges": 759312,
    "improved_predicted_edges": 67178,
    "improved_final_edges": 109785
  },
  "results": {
    "baseline": {
      "name": "projected_threshold_method2_baseline",
      "config": {
        "dataset": "PubMed",
        "graph_projection_dim": 64,
        "baseline_top_k": 50,
        "baseline_alpha": 0.2,
        "evaluation_axis": "classifier_seed"
      },
      "runs": [
        {
          "penalty": 0.01,
          "val_micro_f1": 0.5920000076293945,
          "val_macro_f1": 0.6017135801255294,
          "test_micro_f1": 0.6169999837875366,
          "test_macro_f1": 0.6185907222420409,
          "selection_score": 0.596856793877462,
          "link_auc": 0.8830901682376862,
          "link_ap": 0.93465256690979,
          "unit": "seed_1548",
          "seed": 1548.0,
          "embedding_time_seconds": 5.266321959003108,
          "classifier_time_seconds": 35.62075501700019,
          "per_seed_eval_time_seconds": 40.8870769760033,
          "pipeline_time_seconds": 40.8870769760033
        },
        {
          "penalty": 0.001,
          "val_micro_f1": 0.5920000076293945,
          "val_macro_f1": 0.599851136989475,
          "test_micro_f1": 0.5830000042915344,
          "test_macro_f1": 0.5820969283671142,
          "selection_score": 0.5959255723094348,
          "link_auc": 0.8846144676208496,
          "link_ap": 0.9354502260684967,
          "unit": "seed_1549",
          "seed": 1549.0,
          "embedding_time_seconds": 5.609455534002336,
          "classifier_time_seconds": 39.52644287199655,
          "per_seed_eval_time_seconds": 45.13589840599889,
          "pipeline_time_seconds": 45.13589840599889
        },
        {
          "penalty": 0.0,
          "val_micro_f1": 0.5400000214576721,
          "val_macro_f1": 0.5467847046570451,
          "test_micro_f1": 0.527999997138977,
          "test_macro_f1": 0.5303290163721792,
          "selection_score": 0.5433923630573586,
          "link_auc": 0.8859123885631561,
          "link_ap": 0.9358204901218414,
          "unit": "seed_1550",
          "seed": 1550.0,
          "embedding_time_seconds": 8.73494317499717,
          "classifier_time_seconds": 41.04032545300288,
          "per_seed_eval_time_seconds": 49.77526862800005,
          "pipeline_time_seconds": 49.77526862800005
        },
        {
          "penalty": 0.001,
          "val_micro_f1": 0.5740000009536743,
          "val_macro_f1": 0.5848968165856804,
          "test_micro_f1": 0.5950000286102295,
          "test_macro_f1": 0.5984862810753088,
          "selection_score": 0.5794484087696774,
          "link_auc": 0.883472204208374,
          "link_ap": 0.9351143836975098,
          "unit": "seed_1551",
          "seed": 1551.0,
          "embedding_time_seconds": 6.5543563250030275,
          "classifier_time_seconds": 36.798175995994825,
          "per_seed_eval_time_seconds": 43.35253232099785,
          "pipeline_time_seconds": 43.35253232099785
        },
        {
          "penalty": 0.001,
          "val_micro_f1": 0.5519999861717224,
          "val_macro_f1": 0.56632306484427,
          "test_micro_f1": 0.5770000219345093,
          "test_macro_f1": 0.5848388651532956,
          "selection_score": 0.5591615255079962,
          "link_auc": 0.8866905272006989,
          "link_ap": 0.9361836910247803,
          "unit": "seed_1552",
          "seed": 1552.0,
          "embedding_time_seconds": 6.2359419419954065,
          "classifier_time_seconds": 40.55427899899951,
          "per_seed_eval_time_seconds": 46.790220940994914,
          "pipeline_time_seconds": 46.790220940994914
        }
      ],
      "val_micro_f1_mean": 0.5700000047683715,
      "val_micro_f1_std": 0.0210142803320715,
      "val_macro_f1_mean": 0.5799138606404,
      "val_macro_f1_std": 0.02087967104311698,
      "test_micro_f1_mean": 0.5800000071525574,
      "test_micro_f1_std": 0.02938026497591356,
      "test_macro_f1_mean": 0.5828683626419877,
      "test_macro_f1_std": 0.02927410886442743,
      "selection_score_mean": 0.5749569327043857,
      "selection_score_std": 0.020905875102627553,
      "link_auc_mean": 0.8847559511661529,
      "link_auc_std": 0.00138005713625172,
      "link_ap_mean": 0.9354442715644836,
      "link_ap_std": 0.0005336551812404467,
      "embedding_time_seconds_mean": 6.480203787000209,
      "embedding_time_seconds_std": 1.2149669763448512,
      "pipeline_time_seconds_mean": 45.188199454399,
      "pipeline_time_seconds_std": 3.0159489466962035,
      "setup_time_seconds": 4.40284245199291,
      "classifier_time_seconds_mean": 38.70799566739879,
      "classifier_time_seconds_std": 2.1305795552774676,
      "per_seed_eval_time_seconds_mean": 45.188199454399,
      "per_seed_eval_time_seconds_std": 3.0159489466962035
    },
    "improved": {
      "name": "projected_mutual_topk_improved",
      "config": {
        "dataset": "PubMed",
        "graph_projection_dim": 64,
        "graph_top_k": 15,
        "graph_mutual": true,
        "graph_min_similarity": 0.2,
        "graph_overlap_scale": 1.0,
        "graph_new_scale": 0.75,
        "attention_gamma": 0.5,
        "attention_temperature": 1.0,
        "feature_dim": 128,
        "evaluation_axis": "classifier_seed"
      },
      "runs": [
        {
          "penalty": 1e-05,
          "val_micro_f1": 0.7400000095367432,
          "val_macro_f1": 0.7458063613830689,
          "test_micro_f1": 0.7250000238418579,
          "test_macro_f1": 0.7230868646523168,
          "selection_score": 0.742903185459906,
          "link_auc": 0.9104180335998535,
          "link_ap": 0.9518652558326721,
          "unit": "seed_1548",
          "seed": 1548.0,
          "embedding_time_seconds": 8.664291524000873,
          "classifier_time_seconds": 18.13831883700186,
          "per_seed_eval_time_seconds": 26.802610361002735,
          "pipeline_time_seconds": 26.802610361002735
        },
        {
          "penalty": 1e-05,
          "val_micro_f1": 0.7300000190734863,
          "val_macro_f1": 0.737901222896023,
          "test_micro_f1": 0.7300000190734863,
          "test_macro_f1": 0.7269625144768864,
          "selection_score": 0.7339506209847546,
          "link_auc": 0.910864382982254,
          "link_ap": 0.9518809616565704,
          "unit": "seed_1549",
          "seed": 1549.0,
          "embedding_time_seconds": 6.243875567000941,
          "classifier_time_seconds": 17.225964489000035,
          "per_seed_eval_time_seconds": 23.469840056000976,
          "pipeline_time_seconds": 23.469840056000976
        },
        {
          "penalty": 0.0001,
          "val_micro_f1": 0.7300000190734863,
          "val_macro_f1": 0.738273351824104,
          "test_micro_f1": 0.7269999980926514,
          "test_macro_f1": 0.7256682466842189,
          "selection_score": 0.7341366854487952,
          "link_auc": 0.9111985862255096,
          "link_ap": 0.9520765542984009,
          "unit": "seed_1550",
          "seed": 1550.0,
          "embedding_time_seconds": 8.759424180003407,
          "classifier_time_seconds": 20.326792469000793,
          "per_seed_eval_time_seconds": 29.0862166490042,
          "pipeline_time_seconds": 29.0862166490042
        },
        {
          "penalty": 1e-05,
          "val_micro_f1": 0.7379999756813049,
          "val_macro_f1": 0.7454531490854693,
          "test_micro_f1": 0.7300000190734863,