{
  "dataset": "PubMed",
  "source": "data/Planetoid/PubMed/processed/data.pt",
  "evaluation_axis": "classifier_seed",
  "unit_count": 5,
  "num_nodes": 19717,
  "num_edges_directed": 88648,
  "num_classes": 3,
  "num_features": 500,
  "graph_builder": {
    "projection_dim": 128,
    "graph_projection_dim": 64,
    "baseline_top_k": 50,
    "baseline_alpha": 0.2,
    "improved_top_k": 15,
    "improved_min_similarity": 0.2,
    "block_size": 512
  },
  "graph_stats": {
    "structure_edges_undirected": 44324,
    "baseline_predicted_edges": 723332,
    "baseline_final_edges": 759991,
    "improved_predicted_edges": 67285,
    "improved_final_edges": 109911
  },
  "results": {
    "baseline": {
      "name": "projected_threshold_method2_baseline",
      "config": {
        "dataset": "PubMed",
        "graph_projection_dim": 64,
        "baseline_top_k": 50,
        "baseline_alpha": 0.2,
        "evaluation_axis": "classifier_seed"
      },
      "runs": [
        {
          "penalty": 0.0,
          "val_micro_f1": 0.5879999995231628,
          "val_macro_f1": 0.5929320487049159,
          "test_micro_f1": 0.597000002861023,
          "test_macro_f1": 0.5937753813271155,
          "selection_score": 0.5904660241140394,
          "link_auc": 0.7434468865394592,
          "link_ap": 0.8779374758402506,
          "unit": "seed_1548",
          "seed": 1548.0,
          "embedding_time_seconds": 5.313313132995972,
          "classifier_time_seconds": 16.060810754002887,
          "per_seed_eval_time_seconds": 21.37412388699886,
          "pipeline_time_seconds": 21.37412388699886
        },
        {
          "penalty": 0.01,
          "val_micro_f1": 0.5659999847412109,
          "val_macro_f1": 0.5709724640396535,
          "test_micro_f1": 0.5879999995231628,
          "test_macro_f1": 0.5845548734155334,
          "selection_score": 0.5684862243904323,
          "link_auc": 0.7359143495559692,
          "link_ap": 0.8747267921765646,
          "unit": "seed_1549",
          "seed": 1549.0,
          "embedding_time_seconds": 5.454238285994506,
          "classifier_time_seconds": 13.998238681000657,
          "per_seed_eval_time_seconds": 19.452476966995164,
          "pipeline_time_seconds": 19.452476966995164
        },
        {
          "penalty": 0.001,
          "val_micro_f1": 0.5860000252723694,
          "val_macro_f1": 0.5956264339585893,
          "test_micro_f1": 0.5580000281333923,
          "test_macro_f1": 0.5648677195028179,
          "selection_score": 0.5908132296154793,
          "link_auc": 0.7312536636988322,
          "link_ap": 0.8730661869049072,
          "unit": "seed_1550",
          "seed": 1550.0,
          "embedding_time_seconds": 5.280482497997582,
          "classifier_time_seconds": 13.683768150003743,
          "per_seed_eval_time_seconds": 18.964250648001325,
          "pipeline_time_seconds": 18.964250648001325
        },
        {
          "penalty": 1e-05,
          "val_micro_f1": 0.6100000143051147,
          "val_macro_f1": 0.6157725911892795,
          "test_micro_f1": 0.5929999947547913,
          "test_macro_f1": 0.5907760740729241,
          "selection_score": 0.6128863027471971,
          "link_auc": 0.7392434080441793,
          "link_ap": 0.8763347665468851,
          "unit": "seed_1551",
          "seed": 1551.0,
          "embedding_time_seconds": 5.31657888799964,
          "classifier_time_seconds": 18.785615197004518,
          "per_seed_eval_time_seconds": 24.102194085004157,
          "pipeline_time_seconds": 24.102194085004157
        },
        {
          "penalty": 0.001,
          "val_micro_f1": 0.5960000157356262,
          "val_macro_f1": 0.5986401010532644,
          "test_micro_f1": 0.5889999866485596,
          "test_macro_f1": 0.5848392081672097,
          "selection_score": 0.5973200583944454,
          "link_auc": 0.7406009236971537,
          "link_ap": 0.8763872385025024,
          "unit": "seed_1552",
          "seed": 1552.0,
          "embedding_time_seconds": 5.425266169004317,
          "classifier_time_seconds": 16.7946239199955,
          "per_seed_eval_time_seconds": 22.21989008899982,
          "pipeline_time_seconds": 22.21989008899982
        }
      ],
      "val_micro_f1_mean": 0.5892000079154969,
      "val_micro_f1_std": 0.014344346318374765,
      "val_macro_f1_mean": 0.5947887277891406,
      "val_macro_f1_std": 0.014328426480591365,
      "test_micro_f1_mean": 0.5850000023841858,
      "test_micro_f1_std": 0.013870820854343522,
      "test_macro_f1_mean": 0.5837626512971201,
      "test_macro_f1_std": 0.01008214163535219,
      "selection_score_mean": 0.5919943678523187,
      "selection_score_std": 0.014291253650704204,
      "link_auc_mean": 0.7380918463071187,
      "link_auc_std": 0.00419047140925628,
      "link_ap_mean": 0.8756904919942221,
      "link_ap_std": 0.001659227310568398,
      "embedding_time_seconds_mean": 5.357975794798404,
      "embedding_time_seconds_std": 0.0685684037628057,
      "pipeline_time_seconds_mean": 21.222587135199866,
      "pipeline_time_seconds_std": 1.8731303452327603,
      "setup_time_seconds": 4.97767460099567,
      "classifier_time_seconds_mean": 15.864611340401462,
      "classifier_time_seconds_std": 1.8801651556846573,
      "per_seed_eval_time_seconds_mean": 21.222587135199866,
      "per_seed_eval_time_seconds_std": 1.8731303452327603
    },
    "improved": {
      "name": "projected_mutual_topk_improved",
      "config": {
        "dataset": "PubMed",
        "graph_projection_dim": 64,
        "graph_top_k": 15,
        "graph_mutual": true,
        "graph_min_similarity": 0.2,
        "graph_overlap_scale": 1.0,
        "graph_new_scale": 0.75,
        "attention_gamma": 0.5,
        "attention_temperature": 1.0,
        "feature_dim": 128,
        "evaluation_axis": "classifier_seed"
      },
      "runs": [
        {
          "penalty": 0.001,
          "val_micro_f1": 0.7459999918937683,
          "val_macro_f1": 0.7537060436054608,
          "test_micro_f1": 0.7239999771118164,
          "test_macro_f1": 0.7253445216898607,
          "selection_score": 0.7498530177496145,
          "link_auc": 0.7406521240870158,
          "link_ap": 0.8765857418378195,
          "unit": "seed_1548",
          "seed": 1548.0,
          "embedding_time_seconds": 7.450003514997661,
          "classifier_time_seconds": 12.331920063006692,
          "per_seed_eval_time_seconds": 19.781923578004353,
          "pipeline_time_seconds": 19.781923578004353
        },
        {
          "penalty": 1e-05,
          "val_micro_f1": 0.7360000014305115,
          "val_macro_f1": 0.7458316476270991,
          "test_micro_f1": 0.7279999852180481,
          "test_macro_f1": 0.7298719338196711,
          "selection_score": 0.7409158245288052,
          "link_auc": 0.7333642443021139,
          "link_ap": 0.8736202716827393,
          "unit": "seed_1549",
          "seed": 1549.0,
          "embedding_time_seconds": 6.799774467996031,
          "classifier_time_seconds": 12.576395133000915,
          "per_seed_eval_time_seconds": 19.376169600996946,
          "pipeline_time_seconds": 19.376169600996946
        },
        {
          "penalty": 0.0001,
          "val_micro_f1": 0.7419999837875366,
          "val_macro_f1": 0.7511843990265716,
          "test_micro_f1": 0.7250000238418579,
          "test_macro_f1": 0.7257665749760389,
          "selection_score": 0.7465921914070541,
          "link_auc": 0.7428194880485535,
          "link_ap": 0.8772839506467184,
          "unit": "seed_1550",
          "seed": 1550.0,
          "embedding_time_seconds": 8.948343087999092,
          "classifier_time_seconds": 19.310630915002548,
          "per_seed_eval_time_seconds": 28.25897400300164,
          "pipeline_time_seconds": 28.25897400300164
        },
        {
          "penalty": 0.001,
          "val_micro_f1": 0.7440000176429749,
          "val_macro_f1": 0.7539564977329597,
          "test_micro_f1": 0.7269999980926514,