{
  "dataset": "PubMed",
  "source": "data/Planetoid/PubMed/processed/data.pt",
  "evaluation_axis": "classifier_seed",
  "unit_count": 5,
  "num_nodes": 19717,
  "num_edges_directed": 88648,
  "num_classes": 3,
  "num_features": 500,
  "graph_builder": {
    "projection_dim": 128,
    "graph_projection_dim": 64,
    "baseline_top_k": 50,
    "baseline_alpha": 0.2,
    "improved_top_k": 15,
    "improved_min_similarity": 0.1,
    "block_size": 512
  },
  "graph_stats": {
    "structure_edges_undirected": 44324,
    "baseline_predicted_edges": 722641,
    "baseline_final_edges": 759312,
    "improved_predicted_edges": 67178,
    "improved_final_edges": 109785
  },
  "results": {
    "baseline": {
      "name": "projected_threshold_method2_baseline",
      "config": {
        "dataset": "PubMed",
        "graph_projection_dim": 64,
        "baseline_top_k": 50,
        "baseline_alpha": 0.2,
        "evaluation_axis": "classifier_seed"
      },
      "runs": [
        {
          "penalty": 0.01,
          "val_micro_f1": 0.5920000076293945,
          "val_macro_f1": 0.6017135801255294,
          "test_micro_f1": 0.6169999837875366,
          "test_macro_f1": 0.6185907222420409,
          "selection_score": 0.596856793877462,
          "link_auc": 0.7138082087039948,
          "link_ap": 0.8560085594654083,
          "unit": "seed_1548",
          "seed": 1548.0,
          "embedding_time_seconds": 13.199321219999547,
          "classifier_time_seconds": 39.55023496600006,
          "per_seed_eval_time_seconds": 52.74955618599961,
          "pipeline_time_seconds": 52.74955618599961
        },
        {
          "penalty": 0.001,
          "val_micro_f1": 0.5920000076293945,
          "val_macro_f1": 0.599851136989475,
          "test_micro_f1": 0.5830000042915344,
          "test_macro_f1": 0.5820969283671142,
          "selection_score": 0.5959255723094348,
          "link_auc": 0.7042906284332275,
          "link_ap": 0.8501951992511749,
          "unit": "seed_1549",
          "seed": 1549.0,
          "embedding_time_seconds": 11.794372972999554,
          "classifier_time_seconds": 43.63507225500143,
          "per_seed_eval_time_seconds": 55.429445228000986,
          "pipeline_time_seconds": 55.429445228000986
        },
        {
          "penalty": 0.0,
          "val_micro_f1": 0.5400000214576721,
          "val_macro_f1": 0.5467847046570451,
          "test_micro_f1": 0.527999997138977,
          "test_macro_f1": 0.5303290163721792,
          "selection_score": 0.5433923630573586,
          "link_auc": 0.7088812291622162,
          "link_ap": 0.8542016446590424,
          "unit": "seed_1550",
          "seed": 1550.0,
          "embedding_time_seconds": 12.629877285000475,
          "classifier_time_seconds": 38.3288919179995,
          "per_seed_eval_time_seconds": 50.958769202999974,
          "pipeline_time_seconds": 50.958769202999974
        },
        {
          "penalty": 0.001,
          "val_micro_f1": 0.5740000009536743,
          "val_macro_f1": 0.5848968165856804,
          "test_micro_f1": 0.5950000286102295,
          "test_macro_f1": 0.5984862810753088,
          "selection_score": 0.5794484087696774,
          "link_auc": 0.6967232525348663,
          "link_ap": 0.8495477437973022,
          "unit": "seed_1551",
          "seed": 1551.0,
          "embedding_time_seconds": 12.156322683000326,
          "classifier_time_seconds": 43.9627878759984,
          "per_seed_eval_time_seconds": 56.11911055899873,
          "pipeline_time_seconds": 56.11911055899873
        },
        {
          "penalty": 0.001,
          "val_micro_f1": 0.5519999861717224,
          "val_macro_f1": 0.56632306484427,
          "test_micro_f1": 0.5770000219345093,
          "test_macro_f1": 0.5848388651532956,
          "selection_score": 0.5591615255079962,
          "link_auc": 0.7108310759067535,
          "link_ap": 0.853722870349884,
          "unit": "seed_1552",
          "seed": 1552.0,
          "embedding_time_seconds": 12.429841524999574,
          "classifier_time_seconds": 38.6338870640011,
          "per_seed_eval_time_seconds": 51.063728589000675,
          "pipeline_time_seconds": 51.063728589000675
        }
      ],
      "val_micro_f1_mean": 0.5700000047683715,
      "val_micro_f1_std": 0.02349467966037436,
      "val_macro_f1_mean": 0.5799138606404,
      "val_macro_f1_std": 0.023344181900121757,
      "test_micro_f1_mean": 0.5800000071525574,
      "test_micro_f1_std": 0.03284813484154947,
      "test_macro_f1_mean": 0.5828683626419877,
      "test_macro_f1_std": 0.03272944870079446,
      "selection_score_mean": 0.5749569327043857,
      "selection_score_std": 0.0233734789292978,
      "link_auc_mean": 0.7069068789482117,
      "link_auc_std": 0.006661019941021897,
      "link_ap_mean": 0.8527352035045623,
      "link_ap_std": 0.0027591808429287073,
      "embedding_time_seconds_mean": 12.441947137199895,
      "embedding_time_seconds_std": 0.5267858707701542,
      "pipeline_time_seconds_mean": 53.26412195299999,
      "pipeline_time_seconds_std": 2.4114697288415834,
      "setup_time_seconds": 10.190071080001871,
      "classifier_time_seconds_mean": 40.822174815800096,
      "classifier_time_seconds_std": 2.7567524495319384,
      "per_seed_eval_time_seconds_mean": 53.26412195299999,
      "per_seed_eval_time_seconds_std": 2.4114697288415834
    },
    "improved": {
      "name": "projected_mutual_topk_improved",
      "config": {
        "dataset": "PubMed",
        "graph_projection_dim": 64,
        "graph_top_k": 15,
        "graph_mutual": true,
        "graph_min_similarity": 0.1,
        "graph_overlap_scale": 1.0,
        "graph_new_scale": 0.75,
        "attention_gamma": 0.5,
        "attention_temperature": 1.0,
        "feature_dim": 128,
        "evaluation_axis": "classifier_seed"
      },
      "runs": [
        {
          "penalty": 0.01,
          "val_micro_f1": 0.7319999933242798,
          "val_macro_f1": 0.735365405427063,
          "test_micro_f1": 0.7379999756813049,
          "test_macro_f1": 0.731867832969424,
          "selection_score": 0.7336826993756713,
          "link_auc": 0.9104180335998535,
          "link_ap": 0.9518652558326721,
          "unit": "seed_1548",
          "seed": 1548.0,
          "embedding_time_seconds": 37.29846290400019,
          "classifier_time_seconds": 33.507532376999734,
          "per_seed_eval_time_seconds": 70.80599528099992,
          "pipeline_time_seconds": 70.80599528099992
        },
        {
          "penalty": 0.01,
          "val_micro_f1": 0.7319999933242798,
          "val_macro_f1": 0.735365405427063,
          "test_micro_f1": 0.7379999756813049,
          "test_macro_f1": 0.731867832969424,
          "selection_score": 0.7336826993756713,
          "link_auc": 0.910864382982254,
          "link_ap": 0.9518809616565704,
          "unit": "seed_1549",
          "seed": 1549.0,
          "embedding_time_seconds": 39.55661921200044,
          "classifier_time_seconds": 33.96617247299946,
          "per_seed_eval_time_seconds": 73.5227916849999,
          "pipeline_time_seconds": 73.5227916849999
        },
        {
          "penalty": 0.01,
          "val_micro_f1": 0.7319999933242798,
          "val_macro_f1": 0.735365405427063,
          "test_micro_f1": 0.7379999756813049,
          "test_macro_f1": 0.731867832969424,
          "selection_score": 0.7336826993756713,
          "link_auc": 0.9111985862255096,
          "link_ap": 0.9520765542984009,
          "unit": "seed_1550",
          "seed": 1550.0,
          "embedding_time_seconds": 39.12733732500055,
          "classifier_time_seconds": 33.080467466999835,
          "per_seed_eval_time_seconds": 72.20780479200039,
          "pipeline_time_seconds": 72.20780479200039
        },
        {
          "penalty": 0.01,
          "val_micro_f1": 0.7319999933242798,
          "val_macro_f1": 0.735365405427063,
          "test_micro_f1": 0.7379999756813049,