{
  "dataset": "PubMed",
  "source": "data/Planetoid/PubMed/processed/data.pt",
  "evaluation_axis": "classifier_seed",
  "unit_count": 5,
  "num_nodes": 19717,
  "num_edges_directed": 88648,
  "num_classes": 3,
  "num_features": 500,
  "graph_builder": {
    "projection_dim": 128,
    "graph_projection_dim": 64,
    "baseline_top_k": 50,
    "baseline_alpha": 0.2,
    "improved_top_k": 15,
    "improved_min_similarity": 0.2,
    "block_size": 512
  },
  "graph_stats": {
    "structure_edges_undirected": 44324,
    "baseline_predicted_edges": 723332,
    "baseline_final_edges": 759991,
    "improved_predicted_edges": 67285,
    "improved_final_edges": 109911
  },
  "results": {
    "baseline": {
      "name": "projected_threshold_method2_baseline",
      "config": {
        "dataset": "PubMed",
        "graph_projection_dim": 64,
        "baseline_top_k": 50,
        "baseline_alpha": 0.2,
        "evaluation_axis": "classifier_seed"
      },
      "runs": [
        {
          "penalty": 0.0,
          "val_micro_f1": 0.5879999995231628,
          "val_macro_f1": 0.5929320487049159,
          "test_micro_f1": 0.597000002861023,
          "test_macro_f1": 0.5937753813271155,
          "selection_score": 0.5904660241140394,
          "link_auc": 0.7035532196362814,
          "link_ap": 0.7449694673220316,
          "unit": "seed_1548",
          "seed": 1548.0,
          "embedding_time_seconds": 5.888788629003102,
          "classifier_time_seconds": 6.7237755749956705,
          "per_seed_eval_time_seconds": 12.612564203998772,
          "pipeline_time_seconds": 12.612564203998772
        },
        {
          "penalty": 0.01,
          "val_micro_f1": 0.5659999847412109,
          "val_macro_f1": 0.5709724640396535,
          "test_micro_f1": 0.5879999995231628,
          "test_macro_f1": 0.5845548734155334,
          "selection_score": 0.5684862243904323,
          "link_auc": 0.6902931531270345,
          "link_ap": 0.7335387468338013,
          "unit": "seed_1549",
          "seed": 1549.0,
          "embedding_time_seconds": 5.859143647001474,
          "classifier_time_seconds": 9.055916833000083,
          "per_seed_eval_time_seconds": 14.915060480001557,
          "pipeline_time_seconds": 14.915060480001557
        },
        {
          "penalty": 0.001,
          "val_micro_f1": 0.5860000252723694,
          "val_macro_f1": 0.5956264339585893,
          "test_micro_f1": 0.5580000281333923,
          "test_macro_f1": 0.5648677195028179,
          "selection_score": 0.5908132296154793,
          "link_auc": 0.7095852096875509,
          "link_ap": 0.7335766752560934,
          "unit": "seed_1550",
          "seed": 1550.0,
          "embedding_time_seconds": 5.687054305002675,
          "classifier_time_seconds": 8.646356537996326,
          "per_seed_eval_time_seconds": 14.333410842999001,
          "pipeline_time_seconds": 14.333410842999001
        },
        {
          "penalty": 1e-05,
          "val_micro_f1": 0.6100000143051147,
          "val_macro_f1": 0.6157725911892795,
          "test_micro_f1": 0.5929999947547913,
          "test_macro_f1": 0.5907760740729241,
          "selection_score": 0.6128863027471971,
          "link_auc": 0.7222161889076233,
          "link_ap": 0.762680192788442,
          "unit": "seed_1551",
          "seed": 1551.0,
          "embedding_time_seconds": 5.746427052996296,
          "classifier_time_seconds": 7.847605905000819,
          "per_seed_eval_time_seconds": 13.594032957997115,
          "pipeline_time_seconds": 13.594032957997115
        },
        {
          "penalty": 0.001,
          "val_micro_f1": 0.5960000157356262,
          "val_macro_f1": 0.5986401010532644,
          "test_micro_f1": 0.5889999866485596,
          "test_macro_f1": 0.5848392081672097,
          "selection_score": 0.5973200583944454,
          "link_auc": 0.6967349449793497,
          "link_ap": 0.7414789398511251,
          "unit": "seed_1552",
          "seed": 1552.0,
          "embedding_time_seconds": 5.927712400996825,
          "classifier_time_seconds": 7.717340256996977,
          "per_seed_eval_time_seconds": 13.645052657993801,
          "pipeline_time_seconds": 13.645052657993801
        }
      ],
      "val_micro_f1_mean": 0.5892000079154969,
      "val_micro_f1_std": 0.014344346318374765,
      "val_macro_f1_mean": 0.5947887277891406,
      "val_macro_f1_std": 0.014328426480591365,
      "test_micro_f1_mean": 0.5850000023841858,
      "test_micro_f1_std": 0.013870820854343522,
      "test_macro_f1_mean": 0.5837626512971201,
      "test_macro_f1_std": 0.01008214163535219,
      "selection_score_mean": 0.5919943678523187,
      "selection_score_std": 0.014291253650704204,
      "link_auc_mean": 0.704476543267568,
      "link_auc_std": 0.010979498408289986,
      "link_ap_mean": 0.7432488044102987,
      "link_ap_std": 0.010691185680086177,
      "embedding_time_seconds_mean": 5.821825207000074,
      "embedding_time_seconds_std": 0.09048418796162021,
      "pipeline_time_seconds_mean": 13.820024228598049,
      "pipeline_time_seconds_std": 0.7748957379734058,
      "setup_time_seconds": 5.342174368008273,
      "classifier_time_seconds_mean": 7.998199021597975,
      "classifier_time_seconds_std": 0.8080334384529249,
      "per_seed_eval_time_seconds_mean": 13.820024228598049,
      "per_seed_eval_time_seconds_std": 0.7748957379734058
    },
    "improved": {
      "name": "projected_mutual_topk_improved",
      "config": {
        "dataset": "PubMed",
        "graph_projection_dim": 64,
        "graph_top_k": 15,
        "graph_mutual": true,
        "graph_min_similarity": 0.2,
        "graph_overlap_scale": 1.0,
        "graph_new_scale": 0.75,
        "attention_gamma": 0.5,
        "attention_temperature": 1.0,
        "feature_dim": 128,
        "evaluation_axis": "classifier_seed"
      },
      "runs": [
        {
          "penalty": 0.001,
          "val_micro_f1": 0.7459999918937683,
          "val_macro_f1": 0.7537060436054608,
          "test_micro_f1": 0.7239999771118164,
          "test_macro_f1": 0.7253445216898607,
          "selection_score": 0.7498530177496145,
          "link_auc": 0.9242419600486755,
          "link_ap": 0.925934890906016,
          "unit": "seed_1548",
          "seed": 1548.0,
          "embedding_time_seconds": 9.019193496002117,
          "classifier_time_seconds": 4.167111898001167,
          "per_seed_eval_time_seconds": 13.186305394003284,
          "pipeline_time_seconds": 13.186305394003284
        },
        {
          "penalty": 1e-05,
          "val_micro_f1": 0.7360000014305115,
          "val_macro_f1": 0.7458316476270991,
          "test_micro_f1": 0.7279999852180481,
          "test_macro_f1": 0.7298719338196711,
          "selection_score": 0.7409158245288052,
          "link_auc": 0.9257275064786276,
          "link_ap": 0.9267890453338623,
          "unit": "seed_1549",
          "seed": 1549.0,
          "embedding_time_seconds": 6.263994273002027,
          "classifier_time_seconds": 3.4883318709980813,
          "per_seed_eval_time_seconds": 9.752326144000108,
          "pipeline_time_seconds": 9.752326144000108
        },
        {
          "penalty": 0.0001,
          "val_micro_f1": 0.7419999837875366,
          "val_macro_f1": 0.7511843990265716,
          "test_micro_f1": 0.7250000238418579,
          "test_macro_f1": 0.7257665749760389,
          "selection_score": 0.7465921914070541,
          "link_auc": 0.9249956409136454,
          "link_ap": 0.9263845086097717,
          "unit": "seed_1550",
          "seed": 1550.0,
          "embedding_time_seconds": 9.160582370997872,
          "classifier_time_seconds": 4.124343307004892,
          "per_seed_eval_time_seconds": 13.284925678002764,
          "pipeline_time_seconds": 13.284925678002764
        },
        {
          "penalty": 0.001,
          "val_micro_f1": 0.7440000176429749,
          "val_macro_f1": 0.7539564977329597,
          "test_micro_f1": 0.7269999980926514,