{
  "dataset": "Cora",
  "source": "data/Planetoid/Cora/processed/data.pt",
  "evaluation_axis": "classifier_seed",
  "unit_count": 5,
  "num_nodes": 2708,
  "num_edges_directed": 10556,
  "num_classes": 7,
  "num_features": 1433,
  "graph_builder": {
    "projection_dim": 128,
    "graph_projection_dim": 64,
    "baseline_top_k": 50,
    "baseline_alpha": 0.2,
    "improved_top_k": 15,
    "improved_min_similarity": 0.2,
    "block_size": 512
  },
  "graph_stats": {
    "structure_edges_undirected": 5278,
    "baseline_predicted_edges": 86521,
    "baseline_final_edges": 90394,
    "improved_predicted_edges": 12468,
    "improved_final_edges": 17210
  },
  "results": {
    "baseline": {
      "name": "projected_threshold_method2_baseline",
      "config": {
        "dataset": "Cora",
        "graph_projection_dim": 64,
        "baseline_top_k": 50,
        "baseline_alpha": 0.2,
        "evaluation_axis": "classifier_seed"
      },
      "runs": [
        {
          "penalty": 0.0001,
          "val_micro_f1": 0.5740000009536743,
          "val_macro_f1": 0.5940046240800766,
          "test_micro_f1": 0.5950000286102295,
          "test_macro_f1": 0.594761101179958,
          "selection_score": 0.5840023125168754,
          "unit": "seed_1548",
          "seed": 1548.0,
          "embedding_time_seconds": 0.5960052420000466,
          "classifier_time_seconds": 5.714399499000137,
          "per_seed_eval_time_seconds": 6.310404741000184,
          "pipeline_time_seconds": 6.310404741000184
        },
        {
          "penalty": 0.0001,
          "val_micro_f1": 0.5640000104904175,
          "val_macro_f1": 0.5745934766029065,
          "test_micro_f1": 0.5910000205039978,
          "test_macro_f1": 0.5805954655167714,
          "selection_score": 0.569296743546662,
          "unit": "seed_1549",
          "seed": 1549.0,
          "embedding_time_seconds": 0.6223111499998595,
          "classifier_time_seconds": 2.3568065399999796,
          "per_seed_eval_time_seconds": 2.979117689999839,
          "pipeline_time_seconds": 2.979117689999839
        },
        {
          "penalty": 0.0001,
          "val_micro_f1": 0.5580000281333923,
          "val_macro_f1": 0.5695723798109608,
          "test_micro_f1": 0.5899999737739563,
          "test_macro_f1": 0.5817287684727482,
          "selection_score": 0.5637862039721766,
          "unit": "seed_1550",
          "seed": 1550.0,
          "embedding_time_seconds": 0.6171049859999584,
          "classifier_time_seconds": 1.5702631270000893,
          "per_seed_eval_time_seconds": 2.1873681130000477,
          "pipeline_time_seconds": 2.1873681130000477
        },
        {
          "penalty": 0.0001,
          "val_micro_f1": 0.5740000009536743,
          "val_macro_f1": 0.5940046240800766,
          "test_micro_f1": 0.5950000286102295,
          "test_macro_f1": 0.5944620846242339,
          "selection_score": 0.5840023125168754,
          "unit": "seed_1551",
          "seed": 1551.0,
          "embedding_time_seconds": 0.6295832949999749,
          "classifier_time_seconds": 2.038130612000259,
          "per_seed_eval_time_seconds": 2.667713907000234,
          "pipeline_time_seconds": 2.667713907000234
        },
        {
          "penalty": 0.0001,
          "val_micro_f1": 0.5619999766349792,
          "val_macro_f1": 0.5714635230484957,
          "test_micro_f1": 0.5870000123977661,
          "test_macro_f1": 0.5761861277542414,
          "selection_score": 0.5667317498417375,
          "unit": "seed_1552",
          "seed": 1552.0,
          "embedding_time_seconds": 0.6242224869997699,
          "classifier_time_seconds": 1.7302565630002391,
          "per_seed_eval_time_seconds": 2.354479050000009,
          "pipeline_time_seconds": 2.354479050000009
        }
      ],
      "val_micro_f1_mean": 0.5664000034332275,
      "val_micro_f1_std": 0.006499226286417132,
      "val_macro_f1_mean": 0.5807277255245032,
      "val_macro_f1_std": 0.01095854247468337,
      "test_micro_f1_mean": 0.5916000127792358,
      "test_micro_f1_std": 0.0030724691816289324,
      "test_macro_f1_mean": 0.5855467095095905,
      "test_macro_f1_std": 0.007630215054971196,
      "selection_score_mean": 0.5735638644788654,
      "selection_score_std": 0.008699553452142671,
      "embedding_time_seconds_mean": 0.6178454319999218,
      "embedding_time_seconds_std": 0.011626943321815778,
      "pipeline_time_seconds_mean": 3.2998167002000627,
      "pipeline_time_seconds_std": 1.5295258925413593,
      "setup_time_seconds": 0.5328483680000318,
      "classifier_time_seconds_mean": 2.681971268200141,
      "classifier_time_seconds_std": 1.5399701125215637,
      "per_seed_eval_time_seconds_mean": 3.2998167002000627,
      "per_seed_eval_time_seconds_std": 1.5295258925413593
    },
    "improved": {
      "name": "projected_mutual_topk_improved",
      "config": {
        "dataset": "Cora",
        "graph_projection_dim": 64,
        "graph_top_k": 15,
        "graph_mutual": true,
        "graph_min_similarity": 0.2,
        "graph_overlap_scale": 1.0,
        "graph_new_scale": 0.75,
        "attention_gamma": 0.5,
        "attention_temperature": 1.0,
        "feature_dim": 128,
        "evaluation_axis": "classifier_seed"
      },
      "runs": [
        {
          "penalty": 0.0001,
          "val_micro_f1": 0.7059999704360962,
          "val_macro_f1": 0.6906773511923967,
          "test_micro_f1": 0.718999981880188,
          "test_macro_f1": 0.7044260111220472,
          "selection_score": 0.6983386608142464,
          "unit": "seed_1548",
          "seed": 1548.0,
          "embedding_time_seconds": 0.6414989429999878,
          "classifier_time_seconds": 0.44045229600033053,
          "per_seed_eval_time_seconds": 1.0819512390003183,
          "pipeline_time_seconds": 1.0819512390003183
        },
        {
          "penalty": 0.0001,
          "val_micro_f1": 0.7039999961853027,
          "val_macro_f1": 0.690145047427929,
          "test_micro_f1": 0.718999981880188,
          "test_macro_f1": 0.7034668668901805,
          "selection_score": 0.6970725218066158,
          "unit": "seed_1549",
          "seed": 1549.0,
          "embedding_time_seconds": 0.6227239650002048,
          "classifier_time_seconds": 0.44495454499974585,
          "per_seed_eval_time_seconds": 1.0676785099999506,
          "pipeline_time_seconds": 1.0676785099999506
        },
        {
          "penalty": 0.001,
          "val_micro_f1": 0.7080000042915344,
          "val_macro_f1": 0.6920883760936943,
          "test_micro_f1": 0.7289999723434448,
          "test_macro_f1": 0.7123951173193014,
          "selection_score": 0.7000441901926144,
          "unit": "seed_1550",
          "seed": 1550.0,
          "embedding_time_seconds": 0.6146937349999462,
          "classifier_time_seconds": 0.4673564139998234,
          "per_seed_eval_time_seconds": 1.0820501489997696,
          "pipeline_time_seconds": 1.0820501489997696
        },
        {
          "penalty": 0.001,
          "val_micro_f1": 0.7099999785423279,
          "val_macro_f1": 0.6942540941173376,
          "test_micro_f1": 0.7289999723434448,
          "test_macro_f1": 0.7129775789704702,
          "selection_score": 0.7021270363298328,
          "unit": "seed_1551",
          "seed": 1551.0,
          "embedding_time_seconds": 0.6171402529998886,
          "classifier_time_seconds": 0.4341238759998305,
          "per_seed_eval_time_seconds": 1.051264128999719,
          "pipeline_time_seconds": 1.051264128999719
        },
        {
          "penalty": 0.0001,
          "val_micro_f1": 0.7059999704360962,
          "val_macro_f1": 0.6915713112451336,
          "test_micro_f1": 0.7170000076293945,
          "test_macro_f1": 0.7029683026323809,
          "selection_score": 0.6987856408406149,
          "unit": "seed_1552",
          "seed": 1552.0,
          "embedding_time_seconds": 0.6111805300001834,
          "classifier_time_seconds": 0.4084627239999463,