{
  "dataset": "Cora",
  "source": "data/Planetoid/Cora/processed/data.pt",
  "evaluation_axis": "classifier_seed",
  "unit_count": 5,
  "num_nodes": 2708,
  "num_edges_directed": 10556,
  "num_classes": 7,
  "num_features": 1433,
  "graph_builder": {
    "projection_dim": 128,
    "graph_projection_dim": 64,
    "baseline_top_k": 50,
    "baseline_alpha": 0.2,
    "improved_top_k": 15,
    "improved_min_similarity": 0.1,
    "block_size": 512
  },
  "graph_stats": {
    "structure_edges_undirected": 5278,
    "baseline_predicted_edges": 86415,
    "baseline_final_edges": 90284,
    "improved_predicted_edges": 12429,
    "improved_final_edges": 17169
  },
  "results": {
    "baseline": {
      "name": "projected_threshold_method2_baseline",
      "config": {
        "dataset": "Cora",
        "graph_projection_dim": 64,
        "baseline_top_k": 50,
        "baseline_alpha": 0.2,
        "evaluation_axis": "classifier_seed"
      },
      "runs": [
        {
          "penalty": 0.0001,
          "val_micro_f1": 0.5180000066757202,
          "val_macro_f1": 0.5322035766968265,
          "test_micro_f1": 0.5600000023841858,
          "test_macro_f1": 0.5605706620039322,
          "selection_score": 0.5251017916862734,
          "link_auc": 0.7035053173700968,
          "link_ap": 0.8372994462649027,
          "unit": "seed_1548",
          "seed": 1548.0,
          "embedding_time_seconds": 1.1116894360002334,
          "classifier_time_seconds": 16.42393035999976,
          "per_seed_eval_time_seconds": 17.53561979599999,
          "pipeline_time_seconds": 17.53561979599999
        },
        {
          "penalty": 1e-05,
          "val_micro_f1": 0.515999972820282,
          "val_macro_f1": 0.5247873781488718,
          "test_micro_f1": 0.5479999780654907,
          "test_macro_f1": 0.549473836934941,
          "selection_score": 0.5203936754845768,
          "link_auc": 0.7166524330774943,
          "link_ap": 0.8447027802467346,
          "unit": "seed_1549",
          "seed": 1549.0,
          "embedding_time_seconds": 1.151401535000332,
          "classifier_time_seconds": 18.782640521999383,
          "per_seed_eval_time_seconds": 19.934042056999715,
          "pipeline_time_seconds": 19.934042056999715
        },
        {
          "penalty": 1e-05,
          "val_micro_f1": 0.5099999904632568,
          "val_macro_f1": 0.5183072498770753,
          "test_micro_f1": 0.5429999828338623,
          "test_macro_f1": 0.5455100499147696,
          "selection_score": 0.5141536201701661,
          "link_auc": 0.7066718141237894,
          "link_ap": 0.8375604748725891,
          "unit": "seed_1550",
          "seed": 1550.0,
          "embedding_time_seconds": 2.7972919780004304,
          "classifier_time_seconds": 67.64067131299998,
          "per_seed_eval_time_seconds": 70.43796329100041,
          "pipeline_time_seconds": 70.43796329100041
        },
        {
          "penalty": 1e-05,
          "val_micro_f1": 0.5120000243186951,
          "val_macro_f1": 0.5196511911164888,
          "test_micro_f1": 0.5429999828338623,
          "test_macro_f1": 0.5454982500093805,
          "selection_score": 0.515825607717592,
          "link_auc": 0.7032355864842733,
          "link_ap": 0.8422441283861796,
          "unit": "seed_1551",
          "seed": 1551.0,
          "embedding_time_seconds": 3.2249906580000243,
          "classifier_time_seconds": 21.89841333500044,
          "per_seed_eval_time_seconds": 25.123403993000466,
          "pipeline_time_seconds": 25.123403993000466
        },
        {
          "penalty": 1e-05,
          "val_micro_f1": 0.5400000214576721,
          "val_macro_f1": 0.5401479109362791,
          "test_micro_f1": 0.5609999895095825,
          "test_macro_f1": 0.5620863952110323,
          "selection_score": 0.5400739661969756,
          "link_auc": 0.714432934919993,
          "link_ap": 0.8428491751352946,
          "unit": "seed_1552",
          "seed": 1552.0,
          "embedding_time_seconds": 2.6116125210000973,
          "classifier_time_seconds": 53.28553139199994,
          "per_seed_eval_time_seconds": 55.897143913000036,
          "pipeline_time_seconds": 55.897143913000036
        }
      ],
      "val_micro_f1_mean": 0.5192000031471252,
      "val_micro_f1_std": 0.012049905350835425,
      "val_macro_f1_mean": 0.5270194613551082,
      "val_macro_f1_std": 0.009143405695751998,
      "test_micro_f1_mean": 0.5509999871253968,
      "test_micro_f1_std": 0.008916284456414762,
      "test_macro_f1_mean": 0.5526278388148111,
      "test_macro_f1_std": 0.008123952432966942,
      "selection_score_mean": 0.5231097322511168,
      "selection_score_std": 0.010397125953220676,
      "link_auc_mean": 0.7088996171951294,
      "link_auc_std": 0.006262319461882285,
      "link_ap_mean": 0.8409312009811402,
      "link_ap_std": 0.0033233511024773803,
      "embedding_time_seconds_mean": 2.1793972256002236,
      "embedding_time_seconds_std": 0.9821716596862479,
      "pipeline_time_seconds_mean": 37.78563461000012,
      "pipeline_time_seconds_std": 23.89181804702383,
      "setup_time_seconds": 0.9479932560007001,
      "classifier_time_seconds_mean": 35.606237384399904,
      "classifier_time_seconds_std": 23.33270852295777,
      "per_seed_eval_time_seconds_mean": 37.78563461000012,
      "per_seed_eval_time_seconds_std": 23.89181804702383
    },
    "improved": {
      "name": "projected_mutual_topk_improved",
      "config": {
        "dataset": "Cora",
        "graph_projection_dim": 64,
        "graph_top_k": 15,
        "graph_mutual": true,
        "graph_min_similarity": 0.1,
        "graph_overlap_scale": 1.0,
        "graph_new_scale": 0.75,
        "attention_gamma": 0.5,
        "attention_temperature": 1.0,
        "feature_dim": 128,
        "evaluation_axis": "classifier_seed"
      },
      "runs": [
        {
          "penalty": 0.001,
          "val_micro_f1": 0.6959999799728394,
          "val_macro_f1": 0.6859377001417339,
          "test_micro_f1": 0.7089999914169312,
          "test_macro_f1": 0.6913275656899567,
          "selection_score": 0.6909688400572866,
          "link_auc": 0.863836387793223,
          "link_ap": 0.9236834645271301,
          "unit": "seed_1548",
          "seed": 1548.0,
          "embedding_time_seconds": 9.883664687999953,
          "classifier_time_seconds": 62.05159427200033,
          "per_seed_eval_time_seconds": 71.93525896000028,
          "pipeline_time_seconds": 71.93525896000028
        },
        {
          "penalty": 0.001,
          "val_micro_f1": 0.6959999799728394,
          "val_macro_f1": 0.6859377001417339,
          "test_micro_f1": 0.7089999914169312,
          "test_macro_f1": 0.6913275656899567,
          "selection_score": 0.6909688400572866,
          "link_auc": 0.861761192480723,
          "link_ap": 0.9228494962056478,
          "unit": "seed_1549",
          "seed": 1549.0,
          "embedding_time_seconds": 8.024907881999752,
          "classifier_time_seconds": 40.55704652799977,
          "per_seed_eval_time_seconds": 48.581954409999526,
          "pipeline_time_seconds": 48.581954409999526
        },
        {
          "penalty": 0.001,
          "val_micro_f1": 0.6959999799728394,
          "val_macro_f1": 0.6859377001417339,
          "test_micro_f1": 0.7089999914169312,
          "test_macro_f1": 0.6913275656899567,
          "selection_score": 0.6909688400572866,
          "link_auc": 0.8637364705403646,
          "link_ap": 0.923653244972229,
          "unit": "seed_1550",
          "seed": 1550.0,
          "embedding_time_seconds": 3.547203583000737,
          "classifier_time_seconds": 21.87081233599929,
          "per_seed_eval_time_seconds": 25.418015919000027,
          "pipeline_time_seconds": 25.418015919000027
        },
        {
          "penalty": 0.001,
          "val_micro_f1": 0.6959999799728394,
          "val_macro_f1": 0.6859377001417339,
          "test_micro_f1": 0.7089999914169312,