{
  "dataset": "Cora",
  "source": "data/Planetoid/Cora/processed/data.pt",
  "evaluation_axis": "classifier_seed",
  "unit_count": 5,
  "num_nodes": 2708,
  "num_edges_directed": 10556,
  "num_classes": 7,
  "num_features": 1433,
  "graph_builder": {
    "projection_dim": 128,
    "graph_projection_dim": 64,
    "baseline_top_k": 50,
    "baseline_alpha": 0.2,
    "improved_top_k": 15,
    "improved_min_similarity": 0.1,
    "block_size": 512
  },
  "graph_stats": {
    "structure_edges_undirected": 5278,
    "baseline_predicted_edges": 86434,
    "baseline_final_edges": 90307,
    "improved_predicted_edges": 12431,
    "improved_final_edges": 17170
  },
  "results": {
    "baseline": {
      "name": "projected_threshold_method2_baseline",
      "config": {
        "dataset": "Cora",
        "graph_projection_dim": 64,
        "baseline_top_k": 50,
        "baseline_alpha": 0.2,
        "evaluation_axis": "classifier_seed"
      },
      "runs": [
        {
          "penalty": 0.001,
          "val_micro_f1": 0.550000011920929,
          "val_macro_f1": 0.5567708076863773,
          "test_micro_f1": 0.5789999961853027,
          "test_macro_f1": 0.566980734145725,
          "selection_score": 0.5533854098036531,
          "link_auc": 0.7065985600153605,
          "link_ap": 0.8321373661359152,
          "unit": "seed_1548",
          "seed": 1548.0,
          "embedding_time_seconds": 1.7820807330008392,
          "classifier_time_seconds": 24.215639578000264,
          "per_seed_eval_time_seconds": 25.997720311001103,
          "pipeline_time_seconds": 25.997720311001103
        },
        {
          "penalty": 0.001,
          "val_micro_f1": 0.550000011920929,
          "val_macro_f1": 0.5615177941364757,
          "test_micro_f1": 0.5740000009536743,
          "test_macro_f1": 0.5655127970454386,
          "selection_score": 0.5557589030287023,
          "link_auc": 0.6960073312123617,
          "link_ap": 0.8339502414067587,
          "unit": "seed_1549",
          "seed": 1549.0,
          "embedding_time_seconds": 1.424590165999689,
          "classifier_time_seconds": 22.431739738000033,
          "per_seed_eval_time_seconds": 23.856329903999722,
          "pipeline_time_seconds": 23.856329903999722
        },
        {
          "penalty": 0.001,
          "val_micro_f1": 0.5479999780654907,
          "val_macro_f1": 0.5511112876708559,
          "test_micro_f1": 0.5720000267028809,
          "test_macro_f1": 0.5587498229505574,
          "selection_score": 0.5495556328681733,
          "link_auc": 0.7040799061457316,
          "link_ap": 0.8388171990712484,
          "unit": "seed_1550",
          "seed": 1550.0,
          "embedding_time_seconds": 1.2698926609991759,
          "classifier_time_seconds": 18.92671335200066,
          "per_seed_eval_time_seconds": 20.196606012999837,
          "pipeline_time_seconds": 20.196606012999837
        },
        {
          "penalty": 0.001,
          "val_micro_f1": 0.550000011920929,
          "val_macro_f1": 0.56128736404067,
          "test_micro_f1": 0.5740000009536743,
          "test_macro_f1": 0.5652457352528464,
          "selection_score": 0.5556436879807995,
          "link_auc": 0.7130200068155924,
          "link_ap": 0.8392443060874939,
          "unit": "seed_1551",
          "seed": 1551.0,
          "embedding_time_seconds": 1.781801130000531,
          "classifier_time_seconds": 17.97402424500069,
          "per_seed_eval_time_seconds": 19.755825375001223,
          "pipeline_time_seconds": 19.755825375001223
        },
        {
          "penalty": 0.001,
          "val_micro_f1": 0.550000011920929,
          "val_macro_f1": 0.5569345258019504,
          "test_micro_f1": 0.5789999961853027,
          "test_macro_f1": 0.5670605215479928,
          "selection_score": 0.5534672688614397,
          "link_auc": 0.7077930967013041,
          "link_ap": 0.8363902767499288,
          "unit": "seed_1552",
          "seed": 1552.0,
          "embedding_time_seconds": 1.299075389999416,
          "classifier_time_seconds": 18.608893599999647,
          "per_seed_eval_time_seconds": 19.907968989999063,
          "pipeline_time_seconds": 19.907968989999063
        }
      ],
      "val_micro_f1_mean": 0.5496000051498413,
      "val_micro_f1_std": 0.0008944423316121751,
      "val_macro_f1_mean": 0.5575243558672659,
      "val_macro_f1_std": 0.004247085994590043,
      "test_micro_f1_mean": 0.575600004196167,
      "test_micro_f1_std": 0.0032093515605381762,
      "test_macro_f1_mean": 0.5647099221885121,
      "test_macro_f1_std": 0.003432797361332163,
      "selection_score_mean": 0.5535621805085535,
      "selection_score_std": 0.0025125158350272135,
      "link_auc_mean": 0.70549978017807,
      "link_auc_std": 0.006227821772509267,
      "link_ap_mean": 0.8361078778902691,
      "link_ap_std": 0.003069108624683441,
      "embedding_time_seconds_mean": 1.5114880159999302,
      "embedding_time_seconds_std": 0.2536376715275528,
      "pipeline_time_seconds_mean": 21.94289011860019,
      "pipeline_time_seconds_std": 2.831808789067032,
      "setup_time_seconds": 1.9417456820010557,
      "classifier_time_seconds_mean": 20.43140210260026,
      "classifier_time_seconds_std": 2.736153108794887,
      "per_seed_eval_time_seconds_mean": 21.94289011860019,
      "per_seed_eval_time_seconds_std": 2.831808789067032
    },
    "improved": {
      "name": "projected_mutual_topk_improved",
      "config": {
        "dataset": "Cora",
        "graph_projection_dim": 64,
        "graph_top_k": 15,
        "graph_mutual": true,
        "graph_min_similarity": 0.1,
        "graph_overlap_scale": 1.0,
        "graph_new_scale": 0.75,
        "attention_gamma": 0.5,
        "attention_temperature": 1.0,
        "feature_dim": 128,
        "evaluation_axis": "classifier_seed"
      },
      "runs": [
        {
          "penalty": 0.001,
          "val_micro_f1": 0.7139999866485596,
          "val_macro_f1": 0.6942423645285015,
          "test_micro_f1": 0.7400000095367432,
          "test_macro_f1": 0.7260213571361671,
          "selection_score": 0.7041211755885306,
          "link_auc": 0.8690281709035238,
          "link_ap": 0.9268326163291931,
          "unit": "seed_1548",
          "seed": 1548.0,
          "embedding_time_seconds": 4.938403287000256,
          "classifier_time_seconds": 8.894679245000589,
          "per_seed_eval_time_seconds": 13.833082532000844,
          "pipeline_time_seconds": 13.833082532000844
        },
        {
          "penalty": 0.001,
          "val_micro_f1": 0.7139999866485596,
          "val_macro_f1": 0.6942423645285015,
          "test_micro_f1": 0.7400000095367432,
          "test_macro_f1": 0.7260213571361671,
          "selection_score": 0.7041211755885306,
          "link_auc": 0.8681589762369791,
          "link_ap": 0.9271754026412964,
          "unit": "seed_1549",
          "seed": 1549.0,
          "embedding_time_seconds": 7.00496333600131,
          "classifier_time_seconds": 8.752860694999981,
          "per_seed_eval_time_seconds": 15.757824031001292,
          "pipeline_time_seconds": 15.757824031001292
        },
        {
          "penalty": 0.001,
          "val_micro_f1": 0.7139999866485596,
          "val_macro_f1": 0.6942423645285015,
          "test_micro_f1": 0.7400000095367432,
          "test_macro_f1": 0.7260213571361671,
          "selection_score": 0.7041211755885306,
          "link_auc": 0.8678919076919556,
          "link_ap": 0.926622231801351,
          "unit": "seed_1550",
          "seed": 1550.0,
          "embedding_time_seconds": 4.827524873000584,
          "classifier_time_seconds": 7.987504591999823,
          "per_seed_eval_time_seconds": 12.815029465000407,
          "pipeline_time_seconds": 12.815029465000407
        },
        {
          "penalty": 0.001,
          "val_micro_f1": 0.7139999866485596,
          "val_macro_f1": 0.6942423645285015,
          "test_micro_f1": 0.7400000095367432,