{
  "dataset": "Cora",
  "source": "data/Planetoid/Cora/processed/data.pt",
  "evaluation_axis": "classifier_seed",
  "unit_count": 5,
  "num_nodes": 2708,
  "num_edges_directed": 10556,
  "num_classes": 7,
  "num_features": 1433,
  "graph_builder": {
    "projection_dim": 128,
    "graph_projection_dim": 64,
    "baseline_top_k": 50,
    "baseline_alpha": 0.2,
    "improved_top_k": 15,
    "improved_min_similarity": 0.2,
    "block_size": 512
  },
  "graph_stats": {
    "structure_edges_undirected": 5278,
    "baseline_predicted_edges": 86335,
    "baseline_final_edges": 90218,
    "improved_predicted_edges": 12439,
    "improved_final_edges": 17168
  },
  "results": {
    "baseline": {
      "name": "projected_threshold_method2_baseline",
      "config": {
        "dataset": "Cora",
        "graph_projection_dim": 64,
        "baseline_top_k": 50,
        "baseline_alpha": 0.2,
        "evaluation_axis": "classifier_seed"
      },
      "runs": [
        {
          "penalty": 0.0001,
          "val_micro_f1": 0.5640000104904175,
          "val_macro_f1": 0.5806986230938208,
          "test_micro_f1": 0.5899999737739563,
          "test_macro_f1": 0.5860754757349557,
          "selection_score": 0.5723493167921192,
          "link_auc": 0.8080224394798279,
          "link_ap": 0.8887898723284403,
          "unit": "seed_1548",
          "seed": 1548.0,
          "embedding_time_seconds": 0.602546985996014,
          "classifier_time_seconds": 13.746828710005502,
          "per_seed_eval_time_seconds": 14.349375696001516,
          "pipeline_time_seconds": 14.349375696001516
        },
        {
          "penalty": 0.0001,
          "val_micro_f1": 0.5659999847412109,
          "val_macro_f1": 0.5815019236714521,
          "test_micro_f1": 0.5889999866485596,
          "test_macro_f1": 0.5848025020519361,
          "selection_score": 0.5737509542063315,
          "link_auc": 0.8094224731127421,
          "link_ap": 0.8890121976534525,
          "unit": "seed_1549",
          "seed": 1549.0,
          "embedding_time_seconds": 0.6726662150031189,
          "classifier_time_seconds": 10.083534899997176,
          "per_seed_eval_time_seconds": 10.756201115000295,
          "pipeline_time_seconds": 10.756201115000295
        },
        {
          "penalty": 1e-05,
          "val_micro_f1": 0.5720000267028809,
          "val_macro_f1": 0.5833641501754316,
          "test_micro_f1": 0.5849999785423279,
          "test_macro_f1": 0.5761240314204292,
          "selection_score": 0.5776820884391562,
          "link_auc": 0.8090137441953024,
          "link_ap": 0.889231820901235,
          "unit": "seed_1550",
          "seed": 1550.0,
          "embedding_time_seconds": 0.6349742189995595,
          "classifier_time_seconds": 9.4973240420004,
          "per_seed_eval_time_seconds": 10.13229826099996,
          "pipeline_time_seconds": 10.13229826099996
        },
        {
          "penalty": 1e-05,
          "val_micro_f1": 0.5680000185966492,
          "val_macro_f1": 0.577596376490607,
          "test_micro_f1": 0.5770000219345093,
          "test_macro_f1": 0.5663039516455448,
          "selection_score": 0.572798197543628,
          "link_auc": 0.8072785337766012,
          "link_ap": 0.8883204857508341,
          "unit": "seed_1551",
          "seed": 1551.0,
          "embedding_time_seconds": 0.6756545559983351,
          "classifier_time_seconds": 10.22652129400376,
          "per_seed_eval_time_seconds": 10.902175850002095,
          "pipeline_time_seconds": 10.902175850002095
        },
        {
          "penalty": 0.0001,
          "val_micro_f1": 0.5659999847412109,
          "val_macro_f1": 0.5829207368107429,
          "test_micro_f1": 0.5879999995231628,
          "test_macro_f1": 0.5848665043853487,
          "selection_score": 0.5744603607759768,
          "link_auc": 0.8084772626558939,
          "link_ap": 0.888356884320577,
          "unit": "seed_1552",
          "seed": 1552.0,
          "embedding_time_seconds": 0.7157776140011265,
          "classifier_time_seconds": 12.389478756995231,
          "per_seed_eval_time_seconds": 13.105256370996358,
          "pipeline_time_seconds": 13.105256370996358
        }
      ],
      "val_micro_f1_mean": 0.5672000050544739,
      "val_micro_f1_std": 0.002712942764133346,
      "val_macro_f1_mean": 0.5812163620484109,
      "val_macro_f1_std": 0.002048012776982019,
      "test_micro_f1_mean": 0.5857999920845032,
      "test_micro_f1_std": 0.004707426907352622,
      "test_macro_f1_mean": 0.5796344930476429,
      "test_macro_f1_std": 0.0075577138420793765,
      "selection_score_mean": 0.5742081835514423,
      "selection_score_std": 0.0018859540485725323,
      "link_auc_mean": 0.8084428906440735,
      "link_auc_std": 0.0007508852271040387,
      "link_ap_mean": 0.8887422521909079,
      "link_ap_std": 0.0003581092229569714,
      "embedding_time_seconds_mean": 0.6603239179996307,
      "embedding_time_seconds_std": 0.038583038418820007,
      "pipeline_time_seconds_mean": 11.849061458600044,
      "pipeline_time_seconds_std": 1.6042324586355823,
      "setup_time_seconds": 0.5450858220065129,
      "classifier_time_seconds_mean": 11.188737540600414,
      "classifier_time_seconds_std": 1.6120683921592696,
      "per_seed_eval_time_seconds_mean": 11.849061458600044,
      "per_seed_eval_time_seconds_std": 1.6042324586355823
    },
    "improved": {
      "name": "projected_mutual_topk_improved",
      "config": {
        "dataset": "Cora",
        "graph_projection_dim": 64,
        "graph_top_k": 15,
        "graph_mutual": true,
        "graph_min_similarity": 0.2,
        "graph_overlap_scale": 1.0,
        "graph_new_scale": 0.75,
        "attention_gamma": 0.5,
        "attention_temperature": 1.0,
        "feature_dim": 128,
        "evaluation_axis": "classifier_seed"
      },
      "runs": [
        {
          "penalty": 0.01,
          "val_micro_f1": 0.6819999814033508,
          "val_macro_f1": 0.6722168509428138,
          "test_micro_f1": 0.7049999833106995,
          "test_macro_f1": 0.6977137055068122,
          "selection_score": 0.6771084161730823,
          "link_auc": 0.8694497545560201,
          "link_ap": 0.9252628882726034,
          "unit": "seed_1548",
          "seed": 1548.0,
          "embedding_time_seconds": 1.1675494610026362,
          "classifier_time_seconds": 6.254948130001139,
          "per_seed_eval_time_seconds": 7.422497591003776,
          "pipeline_time_seconds": 7.422497591003776
        },
        {
          "penalty": 0.01,
          "val_micro_f1": 0.6880000233650208,
          "val_macro_f1": 0.6782309885537682,
          "test_micro_f1": 0.7099999785423279,
          "test_macro_f1": 0.7026956129861587,
          "selection_score": 0.6831155059593945,
          "link_auc": 0.871476928393046,
          "link_ap": 0.9263296723365784,
          "unit": "seed_1549",
          "seed": 1549.0,
          "embedding_time_seconds": 1.1348251289964537,
          "classifier_time_seconds": 6.3972836840039236,
          "per_seed_eval_time_seconds": 7.532108813000377,
          "pipeline_time_seconds": 7.532108813000377
        },
        {
          "penalty": 0.001,
          "val_micro_f1": 0.671999990940094,
          "val_macro_f1": 0.6736564912989786,
          "test_micro_f1": 0.7120000123977661,
          "test_macro_f1": 0.7039287551497064,
          "selection_score": 0.6728282411195363,
          "link_auc": 0.8700408935546875,
          "link_ap": 0.9255247314771017,
          "unit": "seed_1550",
          "seed": 1550.0,
          "embedding_time_seconds": 0.9781317039960413,
          "classifier_time_seconds": 7.014288233003754,
          "per_seed_eval_time_seconds": 7.992419936999795,
          "pipeline_time_seconds": 7.992419936999795
        },
        {
          "penalty": 0.01,
          "val_micro_f1": 0.6819999814033508,
          "val_macro_f1": 0.6727070231715588,
          "test_micro_f1": 0.7139999866485596,