{
  "dataset": "Cora",
  "source": "data/Planetoid/Cora/processed/data.pt",
  "evaluation_axis": "classifier_seed",
  "unit_count": 5,
  "num_nodes": 2708,
  "num_edges_directed": 10556,
  "num_classes": 7,
  "num_features": 1433,
  "graph_builder": {
    "projection_dim": 128,
    "graph_projection_dim": 64,
    "baseline_top_k": 50,
    "baseline_alpha": 0.2,
    "improved_top_k": 15,
    "improved_min_similarity": 0.2,
    "block_size": 512
  },
  "graph_stats": {
    "structure_edges_undirected": 5278,
    "baseline_predicted_edges": 86455,
    "baseline_final_edges": 90341,
    "improved_predicted_edges": 12454,
    "improved_final_edges": 17192
  },
  "results": {
    "baseline": {
      "name": "projected_threshold_method2_baseline",
      "config": {
        "dataset": "Cora",
        "graph_projection_dim": 64,
        "baseline_top_k": 50,
        "baseline_alpha": 0.2,
        "evaluation_axis": "classifier_seed"
      },
      "runs": [
        {
          "penalty": 0.0001,
          "val_micro_f1": 0.5540000200271606,
          "val_macro_f1": 0.5722762377202351,
          "test_micro_f1": 0.597000002861023,
          "test_macro_f1": 0.5913344571770718,
          "selection_score": 0.5631381288736979,
          "link_auc": 0.7741293509801229,
          "link_ap": 0.8931037584940592,
          "unit": "seed_1548",
          "seed": 1548.0,
          "embedding_time_seconds": 0.6281300389964599,
          "classifier_time_seconds": 14.017109553002228,
          "per_seed_eval_time_seconds": 14.645239591998688,
          "pipeline_time_seconds": 14.645239591998688
        },
        {
          "penalty": 0.0001,
          "val_micro_f1": 0.5659999847412109,
          "val_macro_f1": 0.5923975330048127,
          "test_micro_f1": 0.6000000238418579,
          "test_macro_f1": 0.5999399753124448,
          "selection_score": 0.5791987588730119,
          "link_auc": 0.7760301828384399,
          "link_ap": 0.8962693611780802,
          "unit": "seed_1549",
          "seed": 1549.0,
          "embedding_time_seconds": 1.0282395120011643,
          "classifier_time_seconds": 9.386786096998549,
          "per_seed_eval_time_seconds": 10.415025608999713,
          "pipeline_time_seconds": 10.415025608999713
        },
        {
          "penalty": 0.0001,
          "val_micro_f1": 0.5540000200271606,
          "val_macro_f1": 0.5714710789689199,
          "test_micro_f1": 0.5960000157356262,
          "test_macro_f1": 0.5903788910041143,
          "selection_score": 0.5627355494980403,
          "link_auc": 0.7706202069918314,
          "link_ap": 0.8937763174374899,
          "unit": "seed_1550",
          "seed": 1550.0,
          "embedding_time_seconds": 0.6893382350026513,
          "classifier_time_seconds": 8.127343898995605,
          "per_seed_eval_time_seconds": 8.816682133998256,
          "pipeline_time_seconds": 8.816682133998256
        },
        {
          "penalty": 1e-05,
          "val_micro_f1": 0.5580000281333923,
          "val_macro_f1": 0.5700292300583284,
          "test_micro_f1": 0.5849999785423279,
          "test_macro_f1": 0.5711143207396724,
          "selection_score": 0.5640146290958603,
          "link_auc": 0.7818502982457479,
          "link_ap": 0.8968691229820251,
          "unit": "seed_1551",
          "seed": 1551.0,
          "embedding_time_seconds": 0.7242786089991569,
          "classifier_time_seconds": 9.342405067000072,
          "per_seed_eval_time_seconds": 10.06668367599923,
          "pipeline_time_seconds": 10.06668367599923
        },
        {
          "penalty": 1e-05,
          "val_micro_f1": 0.5559999942779541,
          "val_macro_f1": 0.5663956164956369,
          "test_micro_f1": 0.5839999914169312,
          "test_macro_f1": 0.5699624313514963,
          "selection_score": 0.5611978053867954,
          "link_auc": 0.7693678140640259,
          "link_ap": 0.8918871283531189,
          "unit": "seed_1552",
          "seed": 1552.0,
          "embedding_time_seconds": 0.7636358109957655,
          "classifier_time_seconds": 11.198664144998475,
          "per_seed_eval_time_seconds": 11.96229995599424,
          "pipeline_time_seconds": 11.96229995599424
        }
      ],
      "val_micro_f1_mean": 0.5576000094413758,
      "val_micro_f1_std": 0.004454200176909537,
      "val_macro_f1_mean": 0.5745139392495866,
      "val_macro_f1_std": 0.009166340745265109,
      "test_micro_f1_mean": 0.5924000024795533,
      "test_micro_f1_std": 0.0065909174442499545,
      "test_macro_f1_mean": 0.5845460151169599,
      "test_macro_f1_std": 0.011917807906723189,
      "selection_score_mean": 0.5660569743454811,
      "selection_score_std": 0.006633863422789121,
      "link_auc_mean": 0.7743995706240336,
      "link_auc_std": 0.004423740961817187,
      "link_ap_mean": 0.8943811376889548,
      "link_ap_std": 0.0018959454883930664,
      "embedding_time_seconds_mean": 0.7667244411990396,
      "embedding_time_seconds_std": 0.1381291814177394,
      "pipeline_time_seconds_mean": 11.181186193398025,
      "pipeline_time_seconds_std": 2.0014895457016917,
      "setup_time_seconds": 0.6380997309970553,
      "classifier_time_seconds_mean": 10.414461752198985,
      "classifier_time_seconds_std": 2.050871786949046,
      "per_seed_eval_time_seconds_mean": 11.181186193398025,
      "per_seed_eval_time_seconds_std": 2.0014895457016917
    },
    "improved": {
      "name": "projected_mutual_topk_improved",
      "config": {
        "dataset": "Cora",
        "graph_projection_dim": 64,
        "graph_top_k": 15,
        "graph_mutual": true,
        "graph_min_similarity": 0.2,
        "graph_overlap_scale": 1.0,
        "graph_new_scale": 0.75,
        "attention_gamma": 0.5,
        "attention_temperature": 1.0,
        "feature_dim": 128,
        "evaluation_axis": "classifier_seed"
      },
      "runs": [
        {
          "penalty": 0.001,
          "val_micro_f1": 0.7059999704360962,
          "val_macro_f1": 0.6931667348312569,
          "test_micro_f1": 0.718999981880188,
          "test_macro_f1": 0.7011814267334086,
          "selection_score": 0.6995833526336765,
          "link_auc": 0.7644124627113342,
          "link_ap": 0.891739010810852,
          "unit": "seed_1548",
          "seed": 1548.0,
          "embedding_time_seconds": 1.3684281410023686,
          "classifier_time_seconds": 2.6107068939963938,
          "per_seed_eval_time_seconds": 3.9791350349987624,
          "pipeline_time_seconds": 3.9791350349987624
        },
        {
          "penalty": 0.001,
          "val_micro_f1": 0.7039999961853027,
          "val_macro_f1": 0.6941900073860332,
          "test_micro_f1": 0.718999981880188,
          "test_macro_f1": 0.7012497675290655,
          "selection_score": 0.699095001785668,
          "link_auc": 0.7836631933848063,
          "link_ap": 0.8991208672523499,
          "unit": "seed_1549",
          "seed": 1549.0,
          "embedding_time_seconds": 0.9144544189985027,
          "classifier_time_seconds": 2.5756593350015464,
          "per_seed_eval_time_seconds": 3.490113754000049,
          "pipeline_time_seconds": 3.490113754000049
        },
        {
          "penalty": 0.001,
          "val_micro_f1": 0.7080000042915344,
          "val_macro_f1": 0.6954281698184024,
          "test_micro_f1": 0.7210000157356262,
          "test_macro_f1": 0.7032295508482905,
          "selection_score": 0.7017140870549684,
          "link_auc": 0.7618061900138855,
          "link_ap": 0.8905129830042521,
          "unit": "seed_1550",
          "seed": 1550.0,
          "embedding_time_seconds": 0.8522515809963807,
          "classifier_time_seconds": 2.760792212000524,
          "per_seed_eval_time_seconds": 3.613043792996905,
          "pipeline_time_seconds": 3.613043792996905
        },
        {
          "penalty": 0.001,
          "val_micro_f1": 0.7039999961853027,
          "val_macro_f1": 0.691845296590332,
          "test_micro_f1": 0.718999981880188,