{
  "dataset": "Cora",
  "source": "data/Planetoid/Cora/processed/data.pt",
  "evaluation_axis": "classifier_seed",
  "unit_count": 5,
  "num_nodes": 2708,
  "num_edges_directed": 10556,
  "num_classes": 7,
  "num_features": 1433,
  "graph_builder": {
    "projection_dim": 128,
    "graph_projection_dim": 64,
    "baseline_top_k": 50,
    "baseline_alpha": 0.2,
    "improved_top_k": 15,
    "improved_min_similarity": 0.2,
    "block_size": 512
  },
  "graph_stats": {
    "structure_edges_undirected": 5278,
    "baseline_predicted_edges": 86413,
    "baseline_final_edges": 90300,
    "improved_predicted_edges": 12465,
    "improved_final_edges": 17205
  },
  "results": {
    "baseline": {
      "name": "projected_threshold_method2_baseline",
      "config": {
        "dataset": "Cora",
        "graph_projection_dim": 64,
        "baseline_top_k": 50,
        "baseline_alpha": 0.2,
        "evaluation_axis": "classifier_seed"
      },
      "runs": [
        {
          "penalty": 0.0001,
          "val_micro_f1": 0.5440000295639038,
          "val_macro_f1": 0.5557275913845906,
          "test_micro_f1": 0.5600000023841858,
          "test_macro_f1": 0.5626840372466039,
          "selection_score": 0.5498638104742473,
          "link_auc": 0.7099356849988302,
          "link_ap": 0.7133282820383707,
          "unit": "seed_1548",
          "seed": 1548.0,
          "embedding_time_seconds": 0.7300780639998266,
          "classifier_time_seconds": 7.794222397002159,
          "per_seed_eval_time_seconds": 8.524300461001985,
          "pipeline_time_seconds": 8.524300461001985
        },
        {
          "penalty": 0.0001,
          "val_micro_f1": 0.5379999876022339,
          "val_macro_f1": 0.5332400180875742,
          "test_micro_f1": 0.5540000200271606,
          "test_macro_f1": 0.5443301739042375,
          "selection_score": 0.5356200028449041,
          "link_auc": 0.7017417748769125,
          "link_ap": 0.7031936645507812,
          "unit": "seed_1549",
          "seed": 1549.0,
          "embedding_time_seconds": 0.7481303569948068,
          "classifier_time_seconds": 6.991675878001843,
          "per_seed_eval_time_seconds": 7.739806234996649,
          "pipeline_time_seconds": 7.739806234996649
        },
        {
          "penalty": 0.0001,
          "val_micro_f1": 0.5379999876022339,
          "val_macro_f1": 0.545605815570511,
          "test_micro_f1": 0.5569999814033508,
          "test_macro_f1": 0.5537419161433825,
          "selection_score": 0.5418029015863725,
          "link_auc": 0.6954014102617899,
          "link_ap": 0.6829853256543478,
          "unit": "seed_1550",
          "seed": 1550.0,
          "embedding_time_seconds": 0.7376943370036315,
          "classifier_time_seconds": 3.902042146997701,
          "per_seed_eval_time_seconds": 4.639736484001332,
          "pipeline_time_seconds": 4.639736484001332
        },
        {
          "penalty": 0.0001,
          "val_micro_f1": 0.5379999876022339,
          "val_macro_f1": 0.5467618781262141,
          "test_micro_f1": 0.5559999942779541,
          "test_macro_f1": 0.553490667173801,
          "selection_score": 0.542380932864224,
          "link_auc": 0.7028256257375082,
          "link_ap": 0.6910340587298075,
          "unit": "seed_1551",
          "seed": 1551.0,
          "embedding_time_seconds": 0.7745560050025233,
          "classifier_time_seconds": 6.007252025003254,
          "per_seed_eval_time_seconds": 6.781808030005777,
          "pipeline_time_seconds": 6.781808030005777
        },
        {
          "penalty": 0.0001,
          "val_micro_f1": 0.5379999876022339,
          "val_macro_f1": 0.5455022839635814,
          "test_micro_f1": 0.5799999833106995,
          "test_macro_f1": 0.5694234483445595,
          "selection_score": 0.5417511357829077,
          "link_auc": 0.6904515624046326,
          "link_ap": 0.6778480013211569,
          "unit": "seed_1552",
          "seed": 1552.0,
          "embedding_time_seconds": 0.7142718870018143,
          "classifier_time_seconds": 6.222506300997338,
          "per_seed_eval_time_seconds": 6.936778187999153,
          "pipeline_time_seconds": 6.936778187999153
        }
      ],
      "val_micro_f1_mean": 0.5391999959945679,
      "val_micro_f1_std": 0.0024000167846679687,
      "val_macro_f1_mean": 0.5453675174264943,
      "val_macro_f1_std": 0.007161376437789278,
      "test_micro_f1_mean": 0.5613999962806702,
      "test_micro_f1_std": 0.009499466316903548,
      "test_macro_f1_mean": 0.556734048562517,
      "test_macro_f1_std": 0.008599438562532718,
      "selection_score_mean": 0.5422837567105311,
      "selection_score_std": 0.004525200118233563,
      "link_auc_mean": 0.7000712116559347,
      "link_auc_std": 0.006663784353047207,
      "link_ap_mean": 0.6936778664588928,
      "link_ap_std": 0.01302761700554569,
      "embedding_time_seconds_mean": 0.7409461300005205,
      "embedding_time_seconds_std": 0.02010691956019005,
      "pipeline_time_seconds_mean": 6.924485879600979,
      "pipeline_time_seconds_std": 1.3011334940804204,
      "setup_time_seconds": 0.7076089229958598,
      "classifier_time_seconds_mean": 6.183539749600459,
      "classifier_time_seconds_std": 1.3027056196487434,
      "per_seed_eval_time_seconds_mean": 6.924485879600979,
      "per_seed_eval_time_seconds_std": 1.3011334940804204
    },
    "improved": {
      "name": "projected_mutual_topk_improved",
      "config": {
        "dataset": "Cora",
        "graph_projection_dim": 64,
        "graph_top_k": 15,
        "graph_mutual": true,
        "graph_min_similarity": 0.2,
        "graph_overlap_scale": 1.0,
        "graph_new_scale": 0.75,
        "attention_gamma": 0.5,
        "attention_temperature": 1.0,
        "feature_dim": 128,
        "evaluation_axis": "classifier_seed"
      },
      "runs": [
        {
          "penalty": 0.001,
          "val_micro_f1": 0.6919999718666077,
          "val_macro_f1": 0.672341126291038,
          "test_micro_f1": 0.7110000252723694,
          "test_macro_f1": 0.6934670962865688,
          "selection_score": 0.6821705490788228,
          "link_auc": 0.9092149535814921,
          "link_ap": 0.9116411606470743,
          "unit": "seed_1548",
          "seed": 1548.0,
          "embedding_time_seconds": 1.3315883589966688,
          "classifier_time_seconds": 2.029998974998307,
          "per_seed_eval_time_seconds": 3.361587333994976,
          "pipeline_time_seconds": 3.361587333994976
        },
        {
          "penalty": 0.001,
          "val_micro_f1": 0.6919999718666077,
          "val_macro_f1": 0.6730980158356117,
          "test_micro_f1": 0.7110000252723694,
          "test_macro_f1": 0.6942213254661664,
          "selection_score": 0.6825489938511097,
          "link_auc": 0.912442684173584,
          "link_ap": 0.9129863977432251,
          "unit": "seed_1549",
          "seed": 1549.0,
          "embedding_time_seconds": 0.8933652279956732,
          "classifier_time_seconds": 1.641577344002144,
          "per_seed_eval_time_seconds": 2.534942571997817,
          "pipeline_time_seconds": 2.534942571997817
        },
        {
          "penalty": 0.001,
          "val_micro_f1": 0.6959999799728394,
          "val_macro_f1": 0.6752908738532939,
          "test_micro_f1": 0.7120000123977661,
          "test_macro_f1": 0.6955339611393597,
          "selection_score": 0.6856454269130666,
          "link_auc": 0.909727414449056,
          "link_ap": 0.9118393063545227,
          "unit": "seed_1550",
          "seed": 1550.0,
          "embedding_time_seconds": 0.8341723479970824,
          "classifier_time_seconds": 1.4038893199976883,
          "per_seed_eval_time_seconds": 2.2380616679947707,
          "pipeline_time_seconds": 2.2380616679947707
        },
        {
          "penalty": 0.001,
          "val_micro_f1": 0.6940000057220459,
          "val_macro_f1": 0.674345816697646,
          "test_micro_f1": 0.7080000042915344,