{
    "metrics": {
        "baseline": {
            "accuracy": 0.502,
            "f1_macro": 0.46292955207804254,
            "f1_micro": 0.502
        },
        "global_gnn": {
            "accuracy": 0.692,
            "f1_macro": 0.6599594278795042,
            "f1_micro": 0.692
        },
        "hybrid": {
            "accuracy": 0.522,
            "f1_macro": 0.4836689065448098,
            "f1_micro": 0.522
        },
        "easy_split": {
            "baseline": {
                "accuracy": 0.4716981132075472,
                "f1_macro": 0.4392062922549544,
                "f1_micro": 0.4716981132075472
            },
            "hybrid": {
                "accuracy": 0.4716981132075472,
                "f1_macro": 0.4392062922549544,
                "f1_micro": 0.4716981132075472
            }
        },
        "hard_split": {
            "baseline": {
                "accuracy": 0.6710526315789473,
                "f1_macro": 0.48067129629629624,
                "f1_micro": 0.6710526315789473
            },
            "hybrid": {
                "accuracy": 0.8026315789473685,
                "f1_macro": 0.6416670736240316,
                "f1_micro": 0.8026315789473685
            }
        },
        "calibration": {
            "correlation": -0.14904869466525517,
            "bin_accuracies": [
                0.0,
                1.0,
                0.4642857142857143,
                0.5442092154420921,
                0.2714285714285714
            ],
            "bins": [
                0.0,
                0.2,
                0.4,
                0.6,
                0.8,
                1.0
            ]
        }
    },
    "stats": {
        "num_hard": 486,
        "subgraph_size": 1437,
        "subgraph_edges": 4916,
        "targeted": false,
        "adaptive": true,
        "filtered": true
    }
}