{
    "metrics": {
        "baseline": {
            "accuracy": 0.6103738452358908,
            "f1_macro": 0.3758262720993795,
            "f1_micro": 0.6103738452358908
        },
        "global_gnn": {
            "accuracy": 0.5367158405859721,
            "f1_macro": 0.20740130504478888,
            "f1_micro": 0.5367158405859721
        },
        "hybrid": {
            "accuracy": 0.5904573791741251,
            "f1_macro": 0.27996543071866137,
            "f1_micro": 0.5904573791741251
        },
        "easy_split": {
            "baseline": {
                "accuracy": 0.7950735685888766,
                "f1_macro": 0.45447445132107067,
                "f1_micro": 0.7950735685888766
            },
            "hybrid": {
                "accuracy": 0.7950735685888766,
                "f1_macro": 0.45447445132107067,
                "f1_micro": 0.7950735685888766
            }
        },
        "hard_split": {
            "baseline": {
                "accuracy": 0.4241860849446373,
                "f1_macro": 0.2972453435485211,
                "f1_micro": 0.4241860849446373
            },
            "hybrid": {
                "accuracy": 0.38419269542224427,
                "f1_macro": 0.15225968190535888,
                "f1_micro": 0.38419269542224427
            }
        },
        "calibration": {
            "correlation": 0.448401321799765,
            "bin_accuracies": [
                0.0,
                0.23615940090933404,
                0.3886277143496754,
                0.642794431205318,
                0.8587355803312496
            ],
            "bins": [
                0.0,
                0.2,
                0.4,
                0.6,
                0.8,
                1.0
            ]
        }
    },
    "stats": {
        "num_hard": 80823,
        "subgraph_size": 160199,
        "subgraph_edges": 1146661,
        "targeted": false,
        "adaptive": true,
        "filtered": true,
        "t_global_train": 403.27525758743286,
        "t_hybrid_train": 395.7867839336395
    }
}