{
    "metrics": {
        "baseline": {
            "accuracy": 0.9326797385620915,
            "f1_macro": 0.9226866930059323,
            "f1_micro": 0.9326797385620915
        },
        "global_gnn": {
            "accuracy": 0.9,
            "f1_macro": 0.8829403801834919,
            "f1_micro": 0.9
        },
        "hybrid": {
            "accuracy": 0.8941176470588236,
            "f1_macro": 0.8303433801520647,
            "f1_micro": 0.8941176470588236
        },
        "easy_split": {
            "baseline": {
                "accuracy": 0.9635901778154107,
                "f1_macro": 0.8931184251999408,
                "f1_micro": 0.9635901778154107
            },
            "hybrid": {
                "accuracy": 0.9635901778154107,
                "f1_macro": 0.8931184251999408,
                "f1_micro": 0.9635901778154107
            }
        },
        "hard_split": {
            "baseline": {
                "accuracy": 0.828080229226361,
                "f1_macro": 0.4688629497904428,
                "f1_micro": 0.828080229226361
            },
            "hybrid": {
                "accuracy": 0.6590257879656161,
                "f1_macro": 0.516796690428343,
                "f1_micro": 0.6590257879656161
            }
        },
        "calibration": {
            "correlation": 0.30204445230231397,
            "bin_accuracies": [
                0.0,
                0.4166666666666667,
                0.8363636363636363,
                0.8683274021352313,
                0.9854651162790697
            ],
            "bins": [
                0.0,
                0.2,
                0.4,
                0.6,
                0.8,
                1.0
            ]
        }
    },
    "stats": {
        "num_hard": 1647,
        "subgraph_size": 5878,
        "subgraph_edges": 185880,
        "targeted": false,
        "adaptive": true,
        "filtered": true,
        "t_global_train": 176.2255711555481,
        "t_hybrid_train": 115.12985301017761
    }
}