{
    "metrics": {
        "baseline": {
            "accuracy": 0.593,
            "f1_macro": 0.5768904976884532,
            "f1_micro": 0.593
        },
        "global_gnn": {
            "accuracy": 0.658,
            "f1_macro": 0.6311535548229396,
            "f1_micro": 0.658
        },
        "hybrid": {
            "accuracy": 0.665,
            "f1_macro": 0.6421520991474537,
            "f1_micro": 0.665
        },
        "easy_split": {
            "baseline": {
                "accuracy": 0.8220858895705522,
                "f1_macro": 0.7757315111767168,
                "f1_micro": 0.8220858895705522
            },
            "hybrid": {
                "accuracy": 0.8220858895705522,
                "f1_macro": 0.7757315111767168,
                "f1_micro": 0.8220858895705522
            }
        },
        "hard_split": {
            "baseline": {
                "accuracy": 0.4821958456973294,
                "f1_macro": 0.4750469730038267,
                "f1_micro": 0.4821958456973294
            },
            "hybrid": {
                "accuracy": 0.5890207715133531,
                "f1_macro": 0.5729576560620309,
                "f1_micro": 0.5890207715133531
            }
        },
        "calibration": {
            "correlation": 0.4082337395913629,
            "bin_accuracies": [
                0.23333333333333334,
                0.34275618374558303,
                0.5063829787234042,
                0.8275862068965517,
                0.8769230769230769
            ],
            "bins": [
                0.0,
                0.2,
                0.4,
                0.6,
                0.8,
                1.0
            ]
        }
    },
    "stats": {
        "num_hard": 2223,
        "subgraph_size": 2840,
        "subgraph_edges": 7862,
        "targeted": false,
        "adaptive": true,
        "filtered": true,
        "t_global_train": 19.948040008544922,
        "t_hybrid_train": 19.31753134727478
    }
}