{
    "metrics": {
        "baseline": {
            "accuracy": 0.706,
            "f1_macro": 0.6857999316971375,
            "f1_micro": 0.706
        },
        "global_gnn": {
            "accuracy": 0.789,
            "f1_macro": 0.7838888150511,
            "f1_micro": 0.789
        },
        "hybrid": {
            "accuracy": 0.729,
            "f1_macro": 0.7075887532513229,
            "f1_micro": 0.729
        },
        "easy_split": {
            "baseline": {
                "accuracy": 0.746268656716418,
                "f1_macro": 0.7206931923543104,
                "f1_micro": 0.746268656716418
            },
            "hybrid": {
                "accuracy": 0.746268656716418,
                "f1_macro": 0.7206931923543104,
                "f1_micro": 0.746268656716418
            }
        },
        "hard_split": {
            "baseline": {
                "accuracy": 0.43410852713178294,
                "f1_macro": 0.4445503185389281,
                "f1_micro": 0.43410852713178294
            },
            "hybrid": {
                "accuracy": 0.6124031007751938,
                "f1_macro": 0.5848552838236067,
                "f1_micro": 0.6124031007751938
            }
        }
    },
    "stats": {
        "num_hard": 342,
        "subgraph_size": 1763,
        "subgraph_edges": 6222,
        "targeted": false,
        "adaptive": true,
        "filtered": true
    }
}