{
  "dataset": "CiteSeer",
  "source": "data/Planetoid/CiteSeer/processed/data.pt",
  "evaluation_axis": "classifier_seed",
  "unit_count": 5,
  "num_nodes": 3327,
  "num_edges_directed": 9104,
  "num_classes": 6,
  "num_features": 3703,
  "graph_builder": {
    "projection_dim": 128,
    "graph_projection_dim": 64,
    "baseline_top_k": 50,
    "baseline_alpha": 0.2,
    "improved_top_k": 15,
    "improved_min_similarity": 0.2,
    "block_size": 512
  },
  "graph_stats": {
    "structure_edges_undirected": 4552,
    "baseline_predicted_edges": 100513,
    "baseline_final_edges": 103519,
    "improved_predicted_edges": 17437,
    "improved_final_edges": 21214
  },
  "results": {
    "baseline": {
      "name": "projected_threshold_method2_baseline",
      "config": {
        "dataset": "CiteSeer",
        "graph_projection_dim": 64,
        "baseline_top_k": 50,
        "baseline_alpha": 0.2,
        "evaluation_axis": "classifier_seed"
      },
      "runs": [
        {
          "penalty": 0.0001,
          "val_micro_f1": 0.5120000243186951,
          "val_macro_f1": 0.47768634309663005,
          "test_micro_f1": 0.5149999856948853,
          "test_macro_f1": 0.481037911778919,
          "selection_score": 0.49484318370766256,
          "unit": "seed_1548",
          "seed": 1548.0,
          "embedding_time_seconds": 0.7250263170003564,
          "classifier_time_seconds": 1.9749512260000301,
          "per_seed_eval_time_seconds": 2.6999775430003865,
          "pipeline_time_seconds": 2.6999775430003865
        },
        {
          "penalty": 0.0001,
          "val_micro_f1": 0.48399999737739563,
          "val_macro_f1": 0.4593602822442108,
          "test_micro_f1": 0.4869999885559082,
          "test_macro_f1": 0.46663359578399427,
          "selection_score": 0.47168013981080326,
          "unit": "seed_1549",
          "seed": 1549.0,
          "embedding_time_seconds": 0.7487926529997821,
          "classifier_time_seconds": 1.8086653170003046,
          "per_seed_eval_time_seconds": 2.557457970000087,
          "pipeline_time_seconds": 2.557457970000087
        },
        {
          "penalty": 0.0001,
          "val_micro_f1": 0.5,
          "val_macro_f1": 0.4685601263418613,
          "test_micro_f1": 0.5059999823570251,
          "test_macro_f1": 0.47559927904980026,
          "selection_score": 0.48428006317093064,
          "unit": "seed_1550",
          "seed": 1550.0,
          "embedding_time_seconds": 0.7492138440002236,
          "classifier_time_seconds": 1.7877970419999656,
          "per_seed_eval_time_seconds": 2.537010886000189,
          "pipeline_time_seconds": 2.537010886000189
        },
        {
          "penalty": 0.0001,
          "val_micro_f1": 0.48399999737739563,
          "val_macro_f1": 0.4539074084311278,
          "test_micro_f1": 0.4819999933242798,
          "test_macro_f1": 0.4513404392430438,
          "selection_score": 0.46895370290426175,
          "unit": "seed_1551",
          "seed": 1551.0,
          "embedding_time_seconds": 0.8196823359999144,
          "classifier_time_seconds": 5.8894599969999035,
          "per_seed_eval_time_seconds": 6.709142332999818,
          "pipeline_time_seconds": 6.709142332999818
        },
        {
          "penalty": 0.0001,
          "val_micro_f1": 0.4959999918937683,
          "val_macro_f1": 0.4680982519459285,
          "test_micro_f1": 0.48899999260902405,
          "test_macro_f1": 0.4664867308601781,
          "selection_score": 0.4820491219198484,
          "unit": "seed_1552",
          "seed": 1552.0,
          "embedding_time_seconds": 0.7531521059995612,
          "classifier_time_seconds": 1.8954180630003066,
          "per_seed_eval_time_seconds": 2.6485701689998677,
          "pipeline_time_seconds": 2.6485701689998677
        }
      ],
      "val_micro_f1_mean": 0.49520000219345095,
      "val_micro_f1_std": 0.010552733500202744,
      "val_macro_f1_mean": 0.4655224824119517,
      "val_macro_f1_std": 0.008206144412337149,
      "test_micro_f1_mean": 0.4957999885082245,
      "test_micro_f1_std": 0.012544318052011907,
      "test_macro_f1_mean": 0.4682195913431871,
      "test_macro_f1_std": 0.010091512200134982,
      "selection_score_mean": 0.4803612423027014,
      "selection_score_std": 0.009310491040302554,
      "embedding_time_seconds_mean": 0.7591734511999675,
      "embedding_time_seconds_std": 0.03184513544844208,
      "pipeline_time_seconds_mean": 3.4304317802000694,
      "pipeline_time_seconds_std": 1.6404327495048352,
      "setup_time_seconds": 0.5252644770002917,
      "classifier_time_seconds_mean": 2.671258329000102,
      "classifier_time_seconds_std": 1.6104759685217604,
      "per_seed_eval_time_seconds_mean": 3.4304317802000694,
      "per_seed_eval_time_seconds_std": 1.6404327495048352
    },
    "improved": {
      "name": "projected_mutual_topk_improved",
      "config": {
        "dataset": "CiteSeer",
        "graph_projection_dim": 64,
        "graph_top_k": 15,
        "graph_mutual": true,
        "graph_min_similarity": 0.2,
        "graph_overlap_scale": 1.0,
        "graph_new_scale": 0.75,
        "attention_gamma": 0.5,
        "attention_temperature": 1.0,
        "feature_dim": 128,
        "evaluation_axis": "classifier_seed"
      },
      "runs": [
        {
          "penalty": 0.01,
          "val_micro_f1": 0.6359999775886536,
          "val_macro_f1": 0.6098946498080925,
          "test_micro_f1": 0.6610000133514404,
          "test_macro_f1": 0.6297399874927373,
          "selection_score": 0.622947313698373,
          "unit": "seed_1548",
          "seed": 1548.0,
          "embedding_time_seconds": 0.7782326299998203,
          "classifier_time_seconds": 0.4319357449999188,
          "per_seed_eval_time_seconds": 1.2101683749997392,
          "pipeline_time_seconds": 1.2101683749997392
        },
        {
          "penalty": 0.01,
          "val_micro_f1": 0.6320000290870667,
          "val_macro_f1": 0.6039313984659774,
          "test_micro_f1": 0.6660000085830688,
          "test_macro_f1": 0.6359446017665221,
          "selection_score": 0.617965713776522,
          "unit": "seed_1549",
          "seed": 1549.0,
          "embedding_time_seconds": 0.7658237260002352,
          "classifier_time_seconds": 0.4761193720000847,
          "per_seed_eval_time_seconds": 1.2419430980003199,
          "pipeline_time_seconds": 1.2419430980003199
        },
        {
          "penalty": 0.01,
          "val_micro_f1": 0.6240000128746033,
          "val_macro_f1": 0.5971922922050688,
          "test_micro_f1": 0.656000018119812,
          "test_macro_f1": 0.6257211915490175,
          "selection_score": 0.610596152539836,
          "unit": "seed_1550",
          "seed": 1550.0,
          "embedding_time_seconds": 0.7606887970000571,
          "classifier_time_seconds": 0.47900040700005775,
          "per_seed_eval_time_seconds": 1.2396892040001148,
          "pipeline_time_seconds": 1.2396892040001148
        },
        {
          "penalty": 0.01,
          "val_micro_f1": 0.6340000033378601,
          "val_macro_f1": 0.607315064921762,
          "test_micro_f1": 0.6679999828338623,
          "test_macro_f1": 0.6383477200896981,
          "selection_score": 0.6206575341298111,
          "unit": "seed_1551",
          "seed": 1551.0,
          "embedding_time_seconds": 0.770956065000064,
          "classifier_time_seconds": 0.4553461380000954,
          "per_seed_eval_time_seconds": 1.2263022030001594,
          "pipeline_time_seconds": 1.2263022030001594
        },
        {
          "penalty": 0.01,
          "val_micro_f1": 0.6340000033378601,
          "val_macro_f1": 0.6056954376854143,
          "test_micro_f1": 0.6679999828338623,
          "test_macro_f1": 0.6375972251368107,
          "selection_score": 0.6198477205116373,
          "unit": "seed_1552",
          "seed": 1552.0,
          "embedding_time_seconds": 0.7546358780000446,