{
  "dataset": "CiteSeer",
  "source": "data/Planetoid/CiteSeer/processed/data.pt",
  "evaluation_axis": "classifier_seed",
  "unit_count": 5,
  "num_nodes": 3327,
  "num_edges_directed": 9104,
  "num_classes": 6,
  "num_features": 3703,
  "graph_builder": {
    "projection_dim": 128,
    "graph_projection_dim": 64,
    "baseline_top_k": 50,
    "baseline_alpha": 0.2,
    "improved_top_k": 15,
    "improved_min_similarity": 0.2,
    "block_size": 512
  },
  "graph_stats": {
    "structure_edges_undirected": 4552,
    "baseline_predicted_edges": 100513,
    "baseline_final_edges": 103519,
    "improved_predicted_edges": 17437,
    "improved_final_edges": 21214
  },
  "results": {
    "baseline": {
      "name": "projected_threshold_method2_baseline",
      "config": {
        "dataset": "CiteSeer",
        "graph_projection_dim": 64,
        "baseline_top_k": 50,
        "baseline_alpha": 0.2,
        "evaluation_axis": "classifier_seed"
      },
      "runs": [
        {
          "penalty": 0.0001,
          "val_micro_f1": 0.5120000243186951,
          "val_macro_f1": 0.47768634309663005,
          "test_micro_f1": 0.5149999856948853,
          "test_macro_f1": 0.481037911778919,
          "selection_score": 0.49484318370766256,
          "link_auc": 0.7193694512049357,
          "link_ap": 0.7390359242757162,
          "unit": "seed_1548",
          "seed": 1548.0,
          "embedding_time_seconds": 0.9459933320031269,
          "classifier_time_seconds": 4.561434014001861,
          "per_seed_eval_time_seconds": 5.507427346004988,
          "pipeline_time_seconds": 5.507427346004988
        },
        {
          "penalty": 0.0001,
          "val_micro_f1": 0.48399999737739563,
          "val_macro_f1": 0.4593602822442108,
          "test_micro_f1": 0.4869999885559082,
          "test_macro_f1": 0.46663359578399427,
          "selection_score": 0.47168013981080326,
          "link_auc": 0.7452628413836161,
          "link_ap": 0.7361295421918234,
          "unit": "seed_1549",
          "seed": 1549.0,
          "embedding_time_seconds": 0.881330997995974,
          "classifier_time_seconds": 3.6805817450003815,
          "per_seed_eval_time_seconds": 4.5619127429963555,
          "pipeline_time_seconds": 4.5619127429963555
        },
        {
          "penalty": 0.0001,
          "val_micro_f1": 0.5,
          "val_macro_f1": 0.4685601263418613,
          "test_micro_f1": 0.5059999823570251,
          "test_macro_f1": 0.47559927904980026,
          "selection_score": 0.48428006317093064,
          "link_auc": 0.7432946562767029,
          "link_ap": 0.7662540674209595,
          "unit": "seed_1550",
          "seed": 1550.0,
          "embedding_time_seconds": 0.9228218169955653,
          "classifier_time_seconds": 3.9604212830017786,
          "per_seed_eval_time_seconds": 4.883243099997344,
          "pipeline_time_seconds": 4.883243099997344
        },
        {
          "penalty": 0.0001,
          "val_micro_f1": 0.48399999737739563,
          "val_macro_f1": 0.4539074084311278,
          "test_micro_f1": 0.4819999933242798,
          "test_macro_f1": 0.4513404392430438,
          "selection_score": 0.46895370290426175,
          "link_auc": 0.7163325746854147,
          "link_ap": 0.7117819388707479,
          "unit": "seed_1551",
          "seed": 1551.0,
          "embedding_time_seconds": 0.9471599829994375,
          "classifier_time_seconds": 3.50436307900236,
          "per_seed_eval_time_seconds": 4.451523062001797,
          "pipeline_time_seconds": 4.451523062001797
        },
        {
          "penalty": 0.0001,
          "val_micro_f1": 0.4959999918937683,
          "val_macro_f1": 0.4680982519459285,
          "test_micro_f1": 0.48899999260902405,
          "test_macro_f1": 0.4664867308601781,
          "selection_score": 0.4820491219198484,
          "link_auc": 0.7457561492919922,
          "link_ap": 0.7517610192298889,
          "unit": "seed_1552",
          "seed": 1552.0,
          "embedding_time_seconds": 0.8967272390000289,
          "classifier_time_seconds": 3.971046934995684,
          "per_seed_eval_time_seconds": 4.867774173995713,
          "pipeline_time_seconds": 4.867774173995713
        }
      ],
      "val_micro_f1_mean": 0.49520000219345095,
      "val_micro_f1_std": 0.010552733500202744,
      "val_macro_f1_mean": 0.4655224824119517,
      "val_macro_f1_std": 0.008206144412337149,
      "test_micro_f1_mean": 0.4957999885082245,
      "test_micro_f1_std": 0.012544318052011907,
      "test_macro_f1_mean": 0.4682195913431871,
      "test_macro_f1_std": 0.010091512200134982,
      "selection_score_mean": 0.4803612423027014,
      "selection_score_std": 0.009310491040302554,
      "link_auc_mean": 0.7340031345685323,
      "link_auc_std": 0.013248698831762804,
      "link_ap_mean": 0.7409924983978271,
      "link_ap_std": 0.01808226326355687,
      "embedding_time_seconds_mean": 0.9188066737988265,
      "embedding_time_seconds_std": 0.02627193795572788,
      "pipeline_time_seconds_mean": 4.85437608499924,
      "pipeline_time_seconds_std": 0.36750894612200397,
      "setup_time_seconds": 0.941205146998982,
      "classifier_time_seconds_mean": 3.935569411200413,
      "classifier_time_seconds_std": 0.3590377089132356,
      "per_seed_eval_time_seconds_mean": 4.85437608499924,
      "per_seed_eval_time_seconds_std": 0.36750894612200397
    },
    "improved": {
      "name": "projected_mutual_topk_improved",
      "config": {
        "dataset": "CiteSeer",
        "graph_projection_dim": 64,
        "graph_top_k": 15,
        "graph_mutual": true,
        "graph_min_similarity": 0.2,
        "graph_overlap_scale": 1.0,
        "graph_new_scale": 0.75,
        "attention_gamma": 0.5,
        "attention_temperature": 1.0,
        "feature_dim": 128,
        "evaluation_axis": "classifier_seed"
      },
      "runs": [
        {
          "penalty": 0.01,
          "val_micro_f1": 0.6359999775886536,
          "val_macro_f1": 0.6098946498080925,
          "test_micro_f1": 0.6610000133514404,
          "test_macro_f1": 0.6297399874927373,
          "selection_score": 0.622947313698373,
          "link_auc": 0.9492714007695516,
          "link_ap": 0.9494980176289877,
          "unit": "seed_1548",
          "seed": 1548.0,
          "embedding_time_seconds": 1.458339386001171,
          "classifier_time_seconds": 1.5351734969954123,
          "per_seed_eval_time_seconds": 2.9935128829965834,
          "pipeline_time_seconds": 2.9935128829965834
        },
        {
          "penalty": 0.01,
          "val_micro_f1": 0.6320000290870667,
          "val_macro_f1": 0.6039313984659774,
          "test_micro_f1": 0.6660000085830688,
          "test_macro_f1": 0.6359446017665221,
          "selection_score": 0.617965713776522,
          "link_auc": 0.9512566725413004,
          "link_ap": 0.9505907495816549,
          "unit": "seed_1549",
          "seed": 1549.0,
          "embedding_time_seconds": 1.1270069399979548,
          "classifier_time_seconds": 1.3711563379984,
          "per_seed_eval_time_seconds": 2.4981632779963547,
          "pipeline_time_seconds": 2.4981632779963547
        },
        {
          "penalty": 0.01,
          "val_micro_f1": 0.6240000128746033,
          "val_macro_f1": 0.5971922922050688,
          "test_micro_f1": 0.656000018119812,
          "test_macro_f1": 0.6257211915490175,
          "selection_score": 0.610596152539836,
          "link_auc": 0.9525981148084005,
          "link_ap": 0.9510730107625326,
          "unit": "seed_1550",
          "seed": 1550.0,
          "embedding_time_seconds": 0.9527025150018744,
          "classifier_time_seconds": 1.1433506710018264,
          "per_seed_eval_time_seconds": 2.096053186003701,
          "pipeline_time_seconds": 2.096053186003701
        },
        {
          "penalty": 0.01,
          "val_micro_f1": 0.6340000033378601,
          "val_macro_f1": 0.607315064921762,
          "test_micro_f1": 0.6679999828338623,