{
  "dataset": "CiteSeer",
  "source": "data/Planetoid/CiteSeer/processed/data.pt",
  "evaluation_axis": "classifier_seed",
  "unit_count": 5,
  "num_nodes": 3327,
  "num_edges_directed": 9104,
  "num_classes": 6,
  "num_features": 3703,
  "graph_builder": {
    "projection_dim": 128,
    "graph_projection_dim": 64,
    "baseline_top_k": 50,
    "baseline_alpha": 0.2,
    "improved_top_k": 15,
    "improved_min_similarity": 0.2,
    "block_size": 512
  },
  "graph_stats": {
    "structure_edges_undirected": 4552,
    "baseline_predicted_edges": 100511,
    "baseline_final_edges": 103515,
    "improved_predicted_edges": 17387,
    "improved_final_edges": 21152
  },
  "results": {
    "baseline": {
      "name": "projected_threshold_method2_baseline",
      "config": {
        "dataset": "CiteSeer",
        "graph_projection_dim": 64,
        "baseline_top_k": 50,
        "baseline_alpha": 0.2,
        "evaluation_axis": "classifier_seed"
      },
      "runs": [
        {
          "penalty": 0.0001,
          "val_micro_f1": 0.5320000052452087,
          "val_macro_f1": 0.496022755115002,
          "test_micro_f1": 0.5529999732971191,
          "test_macro_f1": 0.5155730939285388,
          "selection_score": 0.5140113801801054,
          "link_auc": 0.7372837662696838,
          "link_ap": 0.8790898323059082,
          "unit": "seed_1548",
          "seed": 1548.0,
          "embedding_time_seconds": 0.9566442569994251,
          "classifier_time_seconds": 7.2402977110032225,
          "per_seed_eval_time_seconds": 8.196941968002648,
          "pipeline_time_seconds": 8.196941968002648
        },
        {
          "penalty": 0.0001,
          "val_micro_f1": 0.5440000295639038,
          "val_macro_f1": 0.5101823548159977,
          "test_micro_f1": 0.5680000185966492,
          "test_macro_f1": 0.5353540532636064,
          "selection_score": 0.5270911921899508,
          "link_auc": 0.7409862081209818,
          "link_ap": 0.8802245855331421,
          "unit": "seed_1549",
          "seed": 1549.0,
          "embedding_time_seconds": 0.8694418330051121,
          "classifier_time_seconds": 3.680024361994583,
          "per_seed_eval_time_seconds": 4.549466194999695,
          "pipeline_time_seconds": 4.549466194999695
        },
        {
          "penalty": 0.0001,
          "val_micro_f1": 0.5419999957084656,
          "val_macro_f1": 0.5050142427975094,
          "test_micro_f1": 0.5680000185966492,
          "test_macro_f1": 0.5232976238125234,
          "selection_score": 0.5235071192529874,
          "link_auc": 0.746299167474111,
          "link_ap": 0.8828904231389364,
          "unit": "seed_1550",
          "seed": 1550.0,
          "embedding_time_seconds": 0.7566575970049598,
          "classifier_time_seconds": 4.628778464997595,
          "per_seed_eval_time_seconds": 5.3854360620025545,
          "pipeline_time_seconds": 5.3854360620025545
        },
        {
          "penalty": 0.0001,
          "val_micro_f1": 0.5320000052452087,
          "val_macro_f1": 0.496022755115002,
          "test_micro_f1": 0.5529999732971191,
          "test_macro_f1": 0.5155730939285388,
          "selection_score": 0.5140113801801054,
          "link_auc": 0.7427802681922913,
          "link_ap": 0.8812690377235413,
          "unit": "seed_1551",
          "seed": 1551.0,
          "embedding_time_seconds": 0.7292367920017568,
          "classifier_time_seconds": 4.618238946000929,
          "per_seed_eval_time_seconds": 5.347475738002686,
          "pipeline_time_seconds": 5.347475738002686
        },
        {
          "penalty": 0.0001,
          "val_micro_f1": 0.5419999957084656,
          "val_macro_f1": 0.5050142427975094,
          "test_micro_f1": 0.5680000185966492,
          "test_macro_f1": 0.5232976238125234,
          "selection_score": 0.5235071192529874,
          "link_auc": 0.7493016521135966,
          "link_ap": 0.88469131787618,
          "unit": "seed_1552",
          "seed": 1552.0,
          "embedding_time_seconds": 0.7408088539959863,
          "classifier_time_seconds": 7.472677340003429,
          "per_seed_eval_time_seconds": 8.213486193999415,
          "pipeline_time_seconds": 8.213486193999415
        }
      ],
      "val_micro_f1_mean": 0.5384000062942504,
      "val_micro_f1_std": 0.005276364942667461,
      "val_macro_f1_mean": 0.5024512701282041,
      "val_macro_f1_std": 0.005577794166280764,
      "test_micro_f1_mean": 0.5620000004768372,
      "test_micro_f1_std": 0.0073484914204963656,
      "test_macro_f1_mean": 0.5226190977491462,
      "test_macro_f1_std": 0.0072442008099261514,
      "selection_score_mean": 0.5204256382112273,
      "selection_score_std": 0.00539826032800114,
      "link_auc_mean": 0.7433302124341329,
      "link_auc_std": 0.004167231502656665,
      "link_ap_mean": 0.8816330393155416,
      "link_ap_std": 0.001975764304960408,
      "embedding_time_seconds_mean": 0.810557866601448,
      "embedding_time_seconds_std": 0.08853455365561802,
      "pipeline_time_seconds_mean": 6.3385612314014,
      "pipeline_time_seconds_std": 1.5530925066194823,
      "setup_time_seconds": 1.0459341279929504,
      "classifier_time_seconds_mean": 5.528003364799952,
      "classifier_time_seconds_std": 1.533949928180199,
      "per_seed_eval_time_seconds_mean": 6.3385612314014,
      "per_seed_eval_time_seconds_std": 1.5530925066194823
    },
    "improved": {
      "name": "projected_mutual_topk_improved",
      "config": {
        "dataset": "CiteSeer",
        "graph_projection_dim": 64,
        "graph_top_k": 15,
        "graph_mutual": true,
        "graph_min_similarity": 0.2,
        "graph_overlap_scale": 1.0,
        "graph_new_scale": 0.75,
        "attention_gamma": 0.5,
        "attention_temperature": 1.0,
        "feature_dim": 128,
        "evaluation_axis": "classifier_seed"
      },
      "runs": [
        {
          "penalty": 0.01,
          "val_micro_f1": 0.6420000195503235,
          "val_macro_f1": 0.6096369913258846,
          "test_micro_f1": 0.6819999814033508,
          "test_macro_f1": 0.6521297924575647,
          "selection_score": 0.625818505438104,
          "link_auc": 0.7541713913281759,
          "link_ap": 0.8877411484718323,
          "unit": "seed_1548",
          "seed": 1548.0,
          "embedding_time_seconds": 0.9013257830010843,
          "classifier_time_seconds": 2.640104489000805,
          "per_seed_eval_time_seconds": 3.5414302720018895,
          "pipeline_time_seconds": 3.5414302720018895
        },
        {
          "penalty": 0.01,
          "val_micro_f1": 0.6420000195503235,
          "val_macro_f1": 0.6091159754844634,
          "test_micro_f1": 0.6779999732971191,
          "test_macro_f1": 0.6484628439547074,
          "selection_score": 0.6255579975173935,
          "link_auc": 0.7458978494008383,
          "link_ap": 0.884406586488088,
          "unit": "seed_1549",
          "seed": 1549.0,
          "embedding_time_seconds": 0.8950867640014621,
          "classifier_time_seconds": 2.6342014449983253,
          "per_seed_eval_time_seconds": 3.5292882089997875,
          "pipeline_time_seconds": 3.5292882089997875
        },
        {
          "penalty": 0.01,
          "val_micro_f1": 0.6439999938011169,
          "val_macro_f1": 0.6131071752763351,
          "test_micro_f1": 0.6809999942779541,
          "test_macro_f1": 0.6516943782246161,
          "selection_score": 0.628553584538726,
          "link_auc": 0.739289124806722,
          "link_ap": 0.8805380463600159,
          "unit": "seed_1550",
          "seed": 1550.0,
          "embedding_time_seconds": 0.9083639279997442,
          "classifier_time_seconds": 2.659866526002588,
          "per_seed_eval_time_seconds": 3.5682304540023324,
          "pipeline_time_seconds": 3.5682304540023324
        },
        {
          "penalty": 0.01,
          "val_micro_f1": 0.6420000195503235,
          "val_macro_f1": 0.6091159754844634,
          "test_micro_f1": 0.6759999990463257,