{
  "dataset": "CiteSeer",
  "source": "data/Planetoid/CiteSeer/processed/data.pt",
  "evaluation_axis": "classifier_seed",
  "unit_count": 5,
  "num_nodes": 3327,
  "num_edges_directed": 9104,
  "num_classes": 6,
  "num_features": 3703,
  "graph_builder": {
    "projection_dim": 128,
    "graph_projection_dim": 64,
    "baseline_top_k": 50,
    "baseline_alpha": 0.2,
    "improved_top_k": 15,
    "improved_min_similarity": 0.1,
    "block_size": 512
  },
  "graph_stats": {
    "structure_edges_undirected": 4552,
    "baseline_predicted_edges": 100466,
    "baseline_final_edges": 103466,
    "improved_predicted_edges": 17493,
    "improved_final_edges": 21271
  },
  "results": {
    "baseline": {
      "name": "projected_threshold_method2_baseline",
      "config": {
        "dataset": "CiteSeer",
        "graph_projection_dim": 64,
        "baseline_top_k": 50,
        "baseline_alpha": 0.2,
        "evaluation_axis": "classifier_seed"
      },
      "runs": [
        {
          "penalty": 0.0001,
          "val_micro_f1": 0.5720000267028809,
          "val_macro_f1": 0.5318057616881081,
          "test_micro_f1": 0.5860000252723694,
          "test_macro_f1": 0.5482579702129112,
          "selection_score": 0.5519028941954944,
          "link_auc": 0.7314788103103638,
          "link_ap": 0.8600647250811259,
          "unit": "seed_1548",
          "seed": 1548.0,
          "embedding_time_seconds": 1.5539358839996567,
          "classifier_time_seconds": 10.467768249000073,
          "per_seed_eval_time_seconds": 12.02170413299973,
          "pipeline_time_seconds": 12.02170413299973
        },
        {
          "penalty": 0.001,
          "val_micro_f1": 0.5720000267028809,
          "val_macro_f1": 0.5460827482860614,
          "test_micro_f1": 0.5709999799728394,
          "test_macro_f1": 0.5465396018951901,
          "selection_score": 0.5590413874944711,
          "link_auc": 0.732170820236206,
          "link_ap": 0.8596461613972982,
          "unit": "seed_1549",
          "seed": 1549.0,
          "embedding_time_seconds": 1.5360562149999168,
          "classifier_time_seconds": 12.998973040000237,
          "per_seed_eval_time_seconds": 14.535029255000154,
          "pipeline_time_seconds": 14.535029255000154
        },
        {
          "penalty": 0.0001,
          "val_micro_f1": 0.5860000252723694,
          "val_macro_f1": 0.5473544623204857,
          "test_micro_f1": 0.593999981880188,
          "test_macro_f1": 0.5588320722749446,
          "selection_score": 0.5666772437964276,
          "link_auc": 0.7356434861818949,
          "link_ap": 0.8598798513412476,
          "unit": "seed_1550",
          "seed": 1550.0,
          "embedding_time_seconds": 1.6639502369998809,
          "classifier_time_seconds": 10.435776810000789,
          "per_seed_eval_time_seconds": 12.09972704700067,
          "pipeline_time_seconds": 12.09972704700067
        },
        {
          "penalty": 0.0001,
          "val_micro_f1": 0.6060000061988831,
          "val_macro_f1": 0.5594864865174882,
          "test_micro_f1": 0.5979999899864197,
          "test_macro_f1": 0.5553342246446443,
          "selection_score": 0.5827432463581856,
          "link_auc": 0.7322661876678467,
          "link_ap": 0.8570462465286255,
          "unit": "seed_1551",
          "seed": 1551.0,
          "embedding_time_seconds": 1.6359824279998065,
          "classifier_time_seconds": 14.125617874000454,
          "per_seed_eval_time_seconds": 15.76160030200026,
          "pipeline_time_seconds": 15.76160030200026
        },
        {
          "penalty": 0.0001,
          "val_micro_f1": 0.5860000252723694,
          "val_macro_f1": 0.5473544623204857,
          "test_micro_f1": 0.593999981880188,
          "test_macro_f1": 0.5588320722749446,
          "selection_score": 0.5666772437964276,
          "link_auc": 0.7378384470939636,
          "link_ap": 0.8625791668891907,
          "unit": "seed_1552",
          "seed": 1552.0,
          "embedding_time_seconds": 3.2744709800008422,
          "classifier_time_seconds": 41.768895553999755,
          "per_seed_eval_time_seconds": 45.0433665340006,
          "pipeline_time_seconds": 45.0433665340006
        }
      ],
      "val_micro_f1_mean": 0.5844000220298767,
      "val_micro_f1_std": 0.013957069042893075,
      "val_macro_f1_mean": 0.5464167842265258,
      "val_macro_f1_std": 0.009825593595526996,
      "test_micro_f1_mean": 0.5885999917984008,
      "test_micro_f1_std": 0.010761040770970351,
      "test_macro_f1_mean": 0.553559188260527,
      "test_macro_f1_std": 0.005833842459150138,
      "selection_score_mean": 0.5654084031282013,
      "selection_score_std": 0.01147447561658499,
      "link_auc_mean": 0.733879550298055,
      "link_auc_std": 0.002741832577505067,
      "link_ap_mean": 0.8598432302474975,
      "link_ap_std": 0.0019619954401415415,
      "embedding_time_seconds_mean": 1.9328791488000205,
      "embedding_time_seconds_std": 0.7518985142118552,
      "pipeline_time_seconds_mean": 19.892285454200284,
      "pipeline_time_seconds_std": 14.151056940705981,
      "setup_time_seconds": 1.1967820539994136,
      "classifier_time_seconds_mean": 17.95940630540026,
      "classifier_time_seconds_std": 13.406390749830335,
      "per_seed_eval_time_seconds_mean": 19.892285454200284,
      "per_seed_eval_time_seconds_std": 14.151056940705981
    },
    "improved": {
      "name": "projected_mutual_topk_improved",
      "config": {
        "dataset": "CiteSeer",
        "graph_projection_dim": 64,
        "graph_top_k": 15,
        "graph_mutual": true,
        "graph_min_similarity": 0.1,
        "graph_overlap_scale": 1.0,
        "graph_new_scale": 0.75,
        "attention_gamma": 0.5,
        "attention_temperature": 1.0,
        "feature_dim": 128,
        "evaluation_axis": "classifier_seed"
      },
      "runs": [
        {
          "penalty": 0.01,
          "val_micro_f1": 0.6460000276565552,
          "val_macro_f1": 0.6149051248951622,
          "test_micro_f1": 0.652999997138977,
          "test_macro_f1": 0.6290916303926026,
          "selection_score": 0.6304525762758587,
          "link_auc": 0.9122561613718668,
          "link_ap": 0.9522576332092285,
          "unit": "seed_1548",
          "seed": 1548.0,
          "embedding_time_seconds": 15.121304792000046,
          "classifier_time_seconds": 66.50056123800005,
          "per_seed_eval_time_seconds": 81.62186603000009,
          "pipeline_time_seconds": 81.62186603000009
        },
        {
          "penalty": 0.01,
          "val_micro_f1": 0.6460000276565552,
          "val_macro_f1": 0.6149051248951622,
          "test_micro_f1": 0.652999997138977,
          "test_macro_f1": 0.6290916303926026,
          "selection_score": 0.6304525762758587,
          "link_auc": 0.9136618177096049,
          "link_ap": 0.9528985023498535,
          "unit": "seed_1549",
          "seed": 1549.0,
          "embedding_time_seconds": 15.714440632999867,
          "classifier_time_seconds": 70.72899292399961,
          "per_seed_eval_time_seconds": 86.44343355699948,
          "pipeline_time_seconds": 86.44343355699948
        },
        {
          "penalty": 0.01,
          "val_micro_f1": 0.6460000276565552,
          "val_macro_f1": 0.6149051248951622,
          "test_micro_f1": 0.652999997138977,
          "test_macro_f1": 0.6290916303926026,
          "selection_score": 0.6304525762758587,
          "link_auc": 0.9149454832077026,
          "link_ap": 0.9533757170041403,
          "unit": "seed_1550",
          "seed": 1550.0,
          "embedding_time_seconds": 12.92432995099989,
          "classifier_time_seconds": 35.32837216899952,
          "per_seed_eval_time_seconds": 48.25270211999941,
          "pipeline_time_seconds": 48.25270211999941
        },
        {
          "penalty": 0.01,
          "val_micro_f1": 0.6460000276565552,
          "val_macro_f1": 0.6149051248951622,
          "test_micro_f1": 0.652999997138977,