{
  "dataset": "CiteSeer",
  "source": "data/Planetoid/CiteSeer/processed/data.pt",
  "evaluation_axis": "classifier_seed",
  "unit_count": 5,
  "num_nodes": 3327,
  "num_edges_directed": 9104,
  "num_classes": 6,
  "num_features": 3703,
  "graph_builder": {
    "projection_dim": 128,
    "graph_projection_dim": 64,
    "baseline_top_k": 50,
    "baseline_alpha": 0.2,
    "improved_top_k": 15,
    "improved_min_similarity": 0.1,
    "block_size": 512
  },
  "graph_stats": {
    "structure_edges_undirected": 4552,
    "baseline_predicted_edges": 100612,
    "baseline_final_edges": 103600,
    "improved_predicted_edges": 17384,
    "improved_final_edges": 21156
  },
  "results": {
    "baseline": {
      "name": "projected_threshold_method2_baseline",
      "config": {
        "dataset": "CiteSeer",
        "graph_projection_dim": 64,
        "baseline_top_k": 50,
        "baseline_alpha": 0.2,
        "evaluation_axis": "classifier_seed"
      },
      "runs": [
        {
          "penalty": 0.01,
          "val_micro_f1": 0.5680000185966492,
          "val_macro_f1": 0.5276946671385055,
          "test_micro_f1": 0.5759999752044678,
          "test_macro_f1": 0.5372231975592126,
          "selection_score": 0.5478473428675774,
          "link_auc": 0.7484538753827413,
          "link_ap": 0.8666465083758036,
          "unit": "seed_1548",
          "seed": 1548.0,
          "embedding_time_seconds": 2.169089819000874,
          "classifier_time_seconds": 12.496580007999,
          "per_seed_eval_time_seconds": 14.665669826999874,
          "pipeline_time_seconds": 14.665669826999874
        },
        {
          "penalty": 0.0001,
          "val_micro_f1": 0.5419999957084656,
          "val_macro_f1": 0.5084970509414916,
          "test_micro_f1": 0.5569999814033508,
          "test_macro_f1": 0.5278651025003285,
          "selection_score": 0.5252485233249786,
          "link_auc": 0.729117234547933,
          "link_ap": 0.8561230103174845,
          "unit": "seed_1549",
          "seed": 1549.0,
          "embedding_time_seconds": 1.5126926239991008,
          "classifier_time_seconds": 14.198953708999397,
          "per_seed_eval_time_seconds": 15.711646332998498,
          "pipeline_time_seconds": 15.711646332998498
        },
        {
          "penalty": 0.0001,
          "val_micro_f1": 0.5440000295639038,
          "val_macro_f1": 0.5005491473883622,
          "test_micro_f1": 0.5770000219345093,
          "test_macro_f1": 0.537734781825102,
          "selection_score": 0.5222745884761331,
          "link_auc": 0.7264863650004069,
          "link_ap": 0.8620444138844808,
          "unit": "seed_1550",
          "seed": 1550.0,
          "embedding_time_seconds": 1.6929069649995654,
          "classifier_time_seconds": 10.685423372000514,
          "per_seed_eval_time_seconds": 12.37833033700008,
          "pipeline_time_seconds": 12.37833033700008
        },
        {
          "penalty": 0.0001,
          "val_micro_f1": 0.5440000295639038,
          "val_macro_f1": 0.5010889778941564,
          "test_micro_f1": 0.5759999752044678,
          "test_macro_f1": 0.5371213451979375,
          "selection_score": 0.5225445037290302,
          "link_auc": 0.7337865630785624,
          "link_ap": 0.8613077402114868,
          "unit": "seed_1551",
          "seed": 1551.0,
          "embedding_time_seconds": 1.798645298998963,
          "classifier_time_seconds": 14.833389327999612,
          "per_seed_eval_time_seconds": 16.632034626998575,
          "pipeline_time_seconds": 16.632034626998575
        },
        {
          "penalty": 0.0001,
          "val_micro_f1": 0.5559999942779541,
          "val_macro_f1": 0.5204510565292074,
          "test_micro_f1": 0.5659999847412109,
          "test_macro_f1": 0.533678110716452,
          "selection_score": 0.5382255254035808,
          "link_auc": 0.7391567230224609,
          "link_ap": 0.8635509610176086,
          "unit": "seed_1552",
          "seed": 1552.0,
          "embedding_time_seconds": 1.5627454500008753,
          "classifier_time_seconds": 11.86143023600016,
          "per_seed_eval_time_seconds": 13.424175686001036,
          "pipeline_time_seconds": 13.424175686001036
        }
      ],
      "val_micro_f1_mean": 0.5508000135421753,
      "val_micro_f1_std": 0.011099547869277204,
      "val_macro_f1_mean": 0.5116561799783447,
      "val_macro_f1_std": 0.012037389179615058,
      "test_micro_f1_mean": 0.5703999876976014,
      "test_micro_f1_std": 0.00873499236955412,
      "test_macro_f1_mean": 0.5347245075598066,
      "test_macro_f1_std": 0.004159219207158025,
      "selection_score_mean": 0.5312280967602601,
      "selection_score_std": 0.011363194376888782,
      "link_auc_mean": 0.7354001522064209,
      "link_auc_std": 0.008747082936483895,
      "link_ap_mean": 0.8619345267613729,
      "link_ap_std": 0.003840387037005306,
      "embedding_time_seconds_mean": 1.7472160313998757,
      "embedding_time_seconds_std": 0.2610567758862136,
      "pipeline_time_seconds_mean": 14.562371361999613,
      "pipeline_time_seconds_std": 1.708839822662216,
      "setup_time_seconds": 1.3834439269994618,
      "classifier_time_seconds_mean": 12.815155330599737,
      "classifier_time_seconds_std": 1.698161242936034,
      "per_seed_eval_time_seconds_mean": 14.562371361999613,
      "per_seed_eval_time_seconds_std": 1.708839822662216
    },
    "improved": {
      "name": "projected_mutual_topk_improved",
      "config": {
        "dataset": "CiteSeer",
        "graph_projection_dim": 64,
        "graph_top_k": 15,
        "graph_mutual": true,
        "graph_min_similarity": 0.1,
        "graph_overlap_scale": 1.0,
        "graph_new_scale": 0.75,
        "attention_gamma": 0.5,
        "attention_temperature": 1.0,
        "feature_dim": 128,
        "evaluation_axis": "classifier_seed"
      },
      "runs": [
        {
          "penalty": 0.01,
          "val_micro_f1": 0.6200000047683716,
          "val_macro_f1": 0.5976638276680563,
          "test_micro_f1": 0.6660000085830688,
          "test_macro_f1": 0.6453984851610729,
          "selection_score": 0.6088319162182139,
          "link_auc": 0.910162607828776,
          "link_ap": 0.9505499005317688,
          "unit": "seed_1548",
          "seed": 1548.0,
          "embedding_time_seconds": 6.996724966998954,
          "classifier_time_seconds": 13.244202877000134,
          "per_seed_eval_time_seconds": 20.24092784399909,
          "pipeline_time_seconds": 20.24092784399909
        },
        {
          "penalty": 0.01,
          "val_micro_f1": 0.6200000047683716,
          "val_macro_f1": 0.5976638276680563,
          "test_micro_f1": 0.6660000085830688,
          "test_macro_f1": 0.6453984851610729,
          "selection_score": 0.6088319162182139,
          "link_auc": 0.9064984520276388,
          "link_ap": 0.9496604005495707,
          "unit": "seed_1549",
          "seed": 1549.0,
          "embedding_time_seconds": 8.889843869001197,
          "classifier_time_seconds": 11.795571635999295,
          "per_seed_eval_time_seconds": 20.685415505000492,
          "pipeline_time_seconds": 20.685415505000492
        },
        {
          "penalty": 0.01,
          "val_micro_f1": 0.6200000047683716,
          "val_macro_f1": 0.5976638276680563,
          "test_micro_f1": 0.6660000085830688,
          "test_macro_f1": 0.6453984851610729,
          "selection_score": 0.6088319162182139,
          "link_auc": 0.9072720607121786,
          "link_ap": 0.9496067762374878,
          "unit": "seed_1550",
          "seed": 1550.0,
          "embedding_time_seconds": 7.0204154799994285,
          "classifier_time_seconds": 14.231858757000737,
          "per_seed_eval_time_seconds": 21.252274237000165,
          "pipeline_time_seconds": 21.252274237000165
        },
        {
          "penalty": 0.01,
          "val_micro_f1": 0.6200000047683716,
          "val_macro_f1": 0.5976638276680563,
          "test_micro_f1": 0.6660000085830688,