{
  "dataset": "CiteSeer",
  "source": "data/Planetoid/CiteSeer/processed/data.pt",
  "evaluation_axis": "classifier_seed",
  "unit_count": 5,
  "num_nodes": 3327,
  "num_edges_directed": 9104,
  "num_classes": 6,
  "num_features": 3703,
  "graph_builder": {
    "projection_dim": 128,
    "graph_projection_dim": 64,
    "baseline_top_k": 50,
    "baseline_alpha": 0.2,
    "improved_top_k": 15,
    "improved_min_similarity": 0.2,
    "block_size": 512
  },
  "graph_stats": {
    "structure_edges_undirected": 4552,
    "baseline_predicted_edges": 100612,
    "baseline_final_edges": 103600,
    "improved_predicted_edges": 17384,
    "improved_final_edges": 21156
  },
  "results": {
    "baseline": {
      "name": "projected_threshold_method2_baseline",
      "config": {
        "dataset": "CiteSeer",
        "graph_projection_dim": 64,
        "baseline_top_k": 50,
        "baseline_alpha": 0.2,
        "evaluation_axis": "classifier_seed"
      },
      "runs": [
        {
          "penalty": 0.01,
          "val_micro_f1": 0.5680000185966492,
          "val_macro_f1": 0.5276946671385055,
          "test_micro_f1": 0.5759999752044678,
          "test_macro_f1": 0.5372231975592126,
          "selection_score": 0.5478473428675774,
          "link_auc": 0.8809117078781128,
          "link_ap": 0.9335662722587585,
          "unit": "seed_1548",
          "seed": 1548.0,
          "embedding_time_seconds": 0.7671720879952773,
          "classifier_time_seconds": 9.407119553005032,
          "per_seed_eval_time_seconds": 10.174291641000309,
          "pipeline_time_seconds": 10.174291641000309
        },
        {
          "penalty": 0.0001,
          "val_micro_f1": 0.5419999957084656,
          "val_macro_f1": 0.5084970509414916,
          "test_micro_f1": 0.5569999814033508,
          "test_macro_f1": 0.5278651025003285,
          "selection_score": 0.5252485233249786,
          "link_auc": 0.8851040999094645,
          "link_ap": 0.9353259205818176,
          "unit": "seed_1549",
          "seed": 1549.0,
          "embedding_time_seconds": 0.7990542269981233,
          "classifier_time_seconds": 10.375808149998193,
          "per_seed_eval_time_seconds": 11.174862376996316,
          "pipeline_time_seconds": 11.174862376996316
        },
        {
          "penalty": 0.0001,
          "val_micro_f1": 0.5440000295639038,
          "val_macro_f1": 0.5005491473883622,
          "test_micro_f1": 0.5770000219345093,
          "test_macro_f1": 0.537734781825102,
          "selection_score": 0.5222745884761331,
          "link_auc": 0.8807056546211243,
          "link_ap": 0.9334733088811239,
          "unit": "seed_1550",
          "seed": 1550.0,
          "embedding_time_seconds": 0.7975279930033139,
          "classifier_time_seconds": 11.259197547995427,
          "per_seed_eval_time_seconds": 12.056725540998741,
          "pipeline_time_seconds": 12.056725540998741
        },
        {
          "penalty": 0.0001,
          "val_micro_f1": 0.5440000295639038,
          "val_macro_f1": 0.5010889778941564,
          "test_micro_f1": 0.5759999752044678,
          "test_macro_f1": 0.5371213451979375,
          "selection_score": 0.5225445037290302,
          "link_auc": 0.8807177146275839,
          "link_ap": 0.9336180885632833,
          "unit": "seed_1551",
          "seed": 1551.0,
          "embedding_time_seconds": 0.7945015609948314,
          "classifier_time_seconds": 16.5469822390005,
          "per_seed_eval_time_seconds": 17.34148379999533,
          "pipeline_time_seconds": 17.34148379999533
        },
        {
          "penalty": 0.0001,
          "val_micro_f1": 0.5559999942779541,
          "val_macro_f1": 0.5204510565292074,
          "test_micro_f1": 0.5659999847412109,
          "test_macro_f1": 0.533678110716452,
          "selection_score": 0.5382255254035808,
          "link_auc": 0.8782662947972616,
          "link_ap": 0.9322520891825358,
          "unit": "seed_1552",
          "seed": 1552.0,
          "embedding_time_seconds": 0.7753402070011362,
          "classifier_time_seconds": 14.064533564996964,
          "per_seed_eval_time_seconds": 14.8398737719981,
          "pipeline_time_seconds": 14.8398737719981
        }
      ],
      "val_micro_f1_mean": 0.5508000135421753,
      "val_micro_f1_std": 0.00992773742208671,
      "val_macro_f1_mean": 0.5116561799783447,
      "val_macro_f1_std": 0.010766568190895878,
      "test_micro_f1_mean": 0.5703999876976014,
      "test_micro_f1_std": 0.007812814688505991,
      "test_macro_f1_mean": 0.5347245075598066,
      "test_macro_f1_std": 0.003720118752211249,
      "selection_score_mean": 0.5312280967602601,
      "selection_score_std": 0.010163550027306673,
      "link_auc_mean": 0.8811410943667093,
      "link_auc_std": 0.002208681137380076,
      "link_ap_mean": 0.9336471358935038,
      "link_ap_std": 0.0009800073326817248,
      "embedding_time_seconds_mean": 0.7867192151985364,
      "embedding_time_seconds_std": 0.012970112638516334,
      "pipeline_time_seconds_mean": 13.11744742619776,
      "pipeline_time_seconds_std": 2.621837880988617,
      "setup_time_seconds": 1.1191210660035722,
      "classifier_time_seconds_mean": 12.330728210999222,
      "classifier_time_seconds_std": 2.6191699840196874,
      "per_seed_eval_time_seconds_mean": 13.11744742619776,
      "per_seed_eval_time_seconds_std": 2.621837880988617
    },
    "improved": {
      "name": "projected_mutual_topk_improved",
      "config": {
        "dataset": "CiteSeer",
        "graph_projection_dim": 64,
        "graph_top_k": 15,
        "graph_mutual": true,
        "graph_min_similarity": 0.2,
        "graph_overlap_scale": 1.0,
        "graph_new_scale": 0.75,
        "attention_gamma": 0.5,
        "attention_temperature": 1.0,
        "feature_dim": 128,
        "evaluation_axis": "classifier_seed"
      },
      "runs": [
        {
          "penalty": 0.01,
          "val_micro_f1": 0.621999979019165,
          "val_macro_f1": 0.5986198841124538,
          "test_micro_f1": 0.6679999828338623,
          "test_macro_f1": 0.6477869413387498,
          "selection_score": 0.6103099315658094,
          "link_auc": 0.910162607828776,
          "link_ap": 0.9505499005317688,
          "unit": "seed_1548",
          "seed": 1548.0,
          "embedding_time_seconds": 0.9592775810015155,
          "classifier_time_seconds": 9.092230497997662,
          "per_seed_eval_time_seconds": 10.051508078999177,
          "pipeline_time_seconds": 10.051508078999177
        },
        {
          "penalty": 0.01,
          "val_micro_f1": 0.6179999709129333,
          "val_macro_f1": 0.5960837987518872,
          "test_micro_f1": 0.6679999828338623,
          "test_macro_f1": 0.6475647713526218,
          "selection_score": 0.6070418848324103,
          "link_auc": 0.9064984520276388,
          "link_ap": 0.9496604005495707,
          "unit": "seed_1549",
          "seed": 1549.0,
          "embedding_time_seconds": 0.9663296049984638,
          "classifier_time_seconds": 8.449698021999211,
          "per_seed_eval_time_seconds": 9.416027626997675,
          "pipeline_time_seconds": 9.416027626997675
        },
        {
          "penalty": 0.001,
          "val_micro_f1": 0.621999979019165,
          "val_macro_f1": 0.5906008069960365,
          "test_micro_f1": 0.6610000133514404,
          "test_macro_f1": 0.6367793791150199,
          "selection_score": 0.6063003930076007,
          "link_auc": 0.9072720607121786,
          "link_ap": 0.9496067762374878,
          "unit": "seed_1550",
          "seed": 1550.0,
          "embedding_time_seconds": 0.9937054839974735,
          "classifier_time_seconds": 7.266330933001882,
          "per_seed_eval_time_seconds": 8.260036416999355,
          "pipeline_time_seconds": 8.260036416999355
        },
        {
          "penalty": 0.01,
          "val_micro_f1": 0.6240000128746033,
          "val_macro_f1": 0.5994628022193037,
          "test_micro_f1": 0.6679999828338623,